{"stats":{"minecraft:crafted":{"minecraft:wooden_sword":1,"minecraft:stick":20,"minecraft:wooden_pickaxe":1,"minecraft:stone_pickaxe":1,"minecraft:wooden_axe":1,"minecraft:birch_planks":20},"minecraft:dropped":{"simpletomb:grave_key":2,"minecraft:rotten_flesh":1,"minecraft:stone_pickaxe":1},"minecraft:used":{"minecraft:moss_block":8,"minecraft:wooden_axe":19,"minecraft:stone_pickaxe":90,"minecraft:birch_planks":3,"minecraft:wooden_pickaxe":20,"simpletomb:grave_key":26,"minecraft:rotten_flesh":3,"minecraft:cobblestone":50,"minecraft:wooden_sword":16,"minecraft:white_wool":1,"minecraft:dirt":2,"minecraft:mutton":2},"minecraft:killed":{"minecraft:sheep":1,"kevin_trophy:blister_zombie":1,"minecraft:zombie":1},"minecraft:killed_by":{"thestarvedstalker:the_starved_stalker_aggro":1,"man:managgresive":1,"born_in_chaos_v1:corpse_fly":1,"born_in_chaos_v1:wither_scuttler":2,"minecraft:skeleton":1,"minecraft:creeper":2,"minecraft:zombie":1},"minecraft:mined":{"minecraft:birch_planks":2,"minecraft:flowering_azalea":1,"minecraft:iron_ore":8,"minecraft:birch_log":5,"minecraft:fire":1,"minecraft:birch_leaves":8,"minecraft:dandelion":3,"minecraft:clay":4,"minecraft:cave_vines_plant":11,"minecraft:grass":17,"minecraft:grass_block":5,"minecraft:oak_log":1,"minecraft:cave_vines":29,"minecraft:dirt":2,"minecraft:tall_grass":10,"minecraft:cobblestone":16,"minecraft:azalea":1,"minecraft:stone":44,"minecraft:moss_block":12,"minecraft:oak_leaves":2},"minecraft:picked_up":{"minecraft:birch_log":5,"minecraft:raw_iron":8,"minecraft:clay_ball":16,"minecraft:dandelion":4,"minecraft:birch_planks":1,"simpletomb:grave_key":2,"minecraft:dirt":7,"minecraft:bone":4,"minecraft:rotten_flesh":5,"minecraft:tropical_fish":2,"minecraft:wheat_seeds":5,"minecraft:stone_pickaxe":1,"minecraft:azalea":1,"minecraft:moss_block":10,"minecraft:glow_berries":14,"minecraft:mutton":2,"minecraft:flowering_azalea":2,"minecraft:white_wool":1,"minecraft:cobblestone":54},"minecraft:custom":{"minecraft:time_since_rest":253,"minecraft:sprint_one_cm":118995,"minecraft:damage_taken":3292,"minecraft:walk_one_cm":144078,"minecraft:mob_kills":1,"minecraft:drop":4,"minecraft:damage_dealt":897,"minecraft:interact_with_crafting_table":7,"minecraft:fly_one_cm":196139,"minecraft:open_chest":2,"minecraft:crouch_one_cm":16538,"minecraft:play_time":54172,"minecraft:deaths":12,"minecraft:sneak_time":7341,"minecraft:walk_under_water_one_cm":105,"minecraft:damage_dealt_resisted":7,"minecraft:jump":1536,"minecraft:leave_game":4,"minecraft:time_since_death":224,"minecraft:walk_on_water_one_cm":2702,"minecraft:sleep_in_bed":1,"minecraft:total_world_time":54172,"minecraft:climb_one_cm":220,"minecraft:fall_one_cm":64518}},"DataVersion":3120}