{"stats":{"minecraft:used":{"minecraft:birch_planks":13,"minecraft:stone_pickaxe":246,"minecraft:oak_planks":10,"minecraft:shield":16,"minecraft:wooden_pickaxe":34,"minecraft:iron_sword":20,"minecraft:white_wool":1,"minecraft:glow_berries":2,"minecraft:dirt":36,"minecraft:mutton":2,"minecraft:crafting_table":2,"minecraft:dark_oak_planks":4,"minecraft:wooden_axe":9,"minecraft:chicken":3,"minecraft:stone_axe":50,"minecraft:cobblestone":158,"minecraft:furnace":1,"minecraft:dark_oak_fence":3,"minecraft:birch_log":3,"minecraft:egg":4},"minecraft:picked_up":{"minecraft:wooden_axe":7,"minecraft:birch_log":23,"minecraft:crafting_table":1,"minecraft:feather":6,"minecraft:chicken":3,"minecraft:andesite":18,"minecraft:wooden_pickaxe":4,"minecraft:oak_log":12,"minecraft:shield":1,"minecraft:dirt":103,"minecraft:iron_leggings":1,"minecraft:bone":8,"minecraft:wheat_seeds":3,"minecraft:iron_ingot":2,"minecraft:stone_pickaxe":8,"minecraft:azalea":2,"minecraft:poppy":1,"minecraft:moss_block":4,"minecraft:iron_sword":1,"minecraft:oak_planks":10,"minecraft:dark_oak_stairs":56,"minecraft:egg":13,"minecraft:stick":5,"minecraft:raw_iron":58,"minecraft:dandelion":1,"minecraft:dark_oak_log":45,"minecraft:dark_oak_planks":134,"minecraft:arrow":2,"minecraft:stone_axe":2,"minecraft:granite":6,"minecraft:oak_sapling":3,"minecraft:dark_oak_fence":4,"minecraft:glow_berries":4,"minecraft:mutton":4,"minecraft:coal":21,"minecraft:white_wool":2,"minecraft:cobblestone":330},"minecraft:mined":{"minecraft:dark_oak_planks":2,"minecraft:dark_oak_log":33,"minecraft:dandelion":1,"minecraft:cave_vines_plant":1,"minecraft:granite":6,"minecraft:dark_oak_fence":3,"minecraft:grass_block":3,"minecraft:poppy":1,"minecraft:cobblestone":14,"minecraft:moss_block":1,"minecraft:birch_log":7,"minecraft:iron_ore":24,"minecraft:birch_leaves":1,"minecraft:andesite":13,"minecraft:grass":22,"minecraft:oak_log":4,"minecraft:coal_ore":15,"minecraft:dirt":17,"minecraft:azalea":1,"minecraft:stone":186,"minecraft:oak_leaves":27},"minecraft:killed_by":{"minecraft:skeleton":1,"minecraft:creeper":1,"minecraft:zombie":1},"minecraft:crafted":{"minecraft:oak_planks":16,"minecraft:dark_oak_stairs":28,"minecraft:crafting_table":2,"minecraft:wooden_pickaxe":1,"minecraft:iron_sword":1,"minecraft:furnace":1,"minecraft:birch_planks":16,"minecraft:stone_axe":3,"minecraft:shield":1,"minecraft:stick":16,"minecraft:iron_ingot":12,"minecraft:stone_pickaxe":2,"minecraft:wooden_axe":2,"minecraft:iron_leggings":1,"minecraft:dark_oak_planks":132},"minecraft:custom":{"minecraft:interact_with_furnace":2,"minecraft:mob_kills":9,"minecraft:interact_with_crafting_table":14,"minecraft:leave_game":2,"minecraft:time_since_death":11606,"minecraft:time_since_rest":11634,"minecraft:sprint_one_cm":147208,"minecraft:damage_taken":1505,"minecraft:walk_one_cm":220084,"minecraft:damage_blocked_by_shield":520,"minecraft:drop":65,"minecraft:damage_dealt":1210,"minecraft:swim_one_cm":18627,"minecraft:fly_one_cm":135571,"minecraft:player_kills":1,"minecraft:crouch_one_cm":18766,"minecraft:play_time":78298,"minecraft:deaths":5,"minecraft:sneak_time":9555,"minecraft:walk_under_water_one_cm":18336,"minecraft:jump":1247,"minecraft:walk_on_water_one_cm":15874,"minecraft:total_world_time":78332,"minecraft:fall_one_cm":39808},"minecraft:killed":{"minecraft:sheep":1,"minecraft:skeleton":3,"minecraft:zombie":3,"minecraft:chicken":3},"minecraft:dropped":{"minecraft:stone_axe":1,"minecraft:wooden_axe":1,"minecraft:stone_pickaxe":1,"minecraft:dark_oak_planks":125}},"DataVersion":3120}