{"stats":{"minecraft:dropped":{"born_in_chaos_v1:shattered_skull":1,"simpletomb:grave_key":2,"minecraft:rotten_flesh":1,"minecraft:dirt":1,"minecraft:stone_pickaxe":1},"minecraft:killed_by":{"man:managgresive":1,"thestarvedstalker:the_starved_stalker_aggro":1,"minecraft:skeleton":3,"minecraft:creeper":3,"minecraft:zombie":2,"born_in_chaos_v1:corpse_fly":1,"born_in_chaos_v1:wither_scuttler":2},"minecraft:killed":{"born_in_chaos_v1:decrepit_skeleton":2,"minecraft:sheep":1,"kevin_trophy:blister_zombie":1,"minecraft:zombie":1,"born_in_chaos_v1:door_knight":1},"minecraft:mined":{"minecraft:flowering_azalea":1,"minecraft:dandelion":7,"minecraft:powder_snow":5,"minecraft:clay":4,"minecraft:cornflower":6,"minecraft:cave_vines_plant":12,"minecraft:grass_block":42,"minecraft:tall_grass":11,"minecraft:cobblestone":69,"minecraft:spruce_leaves":11,"minecraft:oak_planks":2,"minecraft:moss_block":19,"minecraft:birch_planks":2,"minecraft:birch_log":5,"minecraft:iron_ore":27,"minecraft:fire":1,"minecraft:spruce_log":3,"minecraft:birch_leaves":8,"minecraft:grass":36,"minecraft:oak_log":26,"minecraft:cave_vines":31,"minecraft:dirt":34,"minecraft:azalea":1,"minecraft:stone":157,"minecraft:oak_leaves":19},"minecraft:broken":{"minecraft:wooden_axe":1},"minecraft:picked_up":{"minecraft:birch_log":5,"minecraft:clay_ball":16,"minecraft:birch_planks":1,"minecraft:oak_log":25,"simpletomb:grave_key":2,"minecraft:cornflower":6,"minecraft:dirt":73,"minecraft:moss_carpet":1,"minecraft:iron_axe":1,"minecraft:bone":7,"minecraft:wheat_seeds":10,"minecraft:stone_pickaxe":1,"minecraft:azalea":2,"minecraft:moss_block":22,"minecraft:oak_planks":2,"minecraft:flowering_azalea":4,"minecraft:stick":4,"minecraft:raw_iron":27,"born_in_chaos_v1:shattered_skull":1,"minecraft:dandelion":8,"minecraft:carrot":1,"minecraft:spruce_log":3,"minecraft:arrow":2,"minecraft:rotten_flesh":8,"minecraft:tropical_fish":2,"minecraft:oak_sapling":2,"minecraft:glow_berries":14,"minecraft:mutton":2,"minecraft:white_wool":1,"minecraft:cobblestone":206},"minecraft:custom":{"minecraft:interact_with_furnace":11,"minecraft:mob_kills":4,"minecraft:interact_with_crafting_table":11,"minecraft:damage_dealt_resisted":126,"minecraft:leave_game":11,"minecraft:time_since_death":28257,"minecraft:sleep_in_bed":1,"minecraft:climb_one_cm":392,"minecraft:time_since_rest":28323,"minecraft:sprint_one_cm":180742,"minecraft:damage_taken":5103,"minecraft:walk_one_cm":261472,"minecraft:damage_blocked_by_shield":40,"minecraft:drop":6,"minecraft:damage_dealt":1705,"minecraft:player_kills":1,"minecraft:fly_one_cm":314698,"minecraft:open_chest":10,"minecraft:crouch_one_cm":31789,"minecraft:play_time":112082,"minecraft:deaths":17,"minecraft:sneak_time":14597,"minecraft:walk_under_water_one_cm":105,"minecraft:jump":2613,"minecraft:walk_on_water_one_cm":2702,"minecraft:total_world_time":112082,"minecraft:fall_one_cm":91891},"minecraft:used":{"minecraft:moss_block":13,"minecraft:moss_carpet":1,"minecraft:birch_planks":3,"minecraft:tropical_fish":2,"minecraft:stone_pickaxe":90,"minecraft:oak_planks":44,"minecraft:shield":1,"minecraft:wooden_pickaxe":20,"minecraft:rotten_flesh":3,"simpletomb:grave_key":36,"minecraft:white_wool":1,"minecraft:glow_berries":36,"minecraft:dirt":50,"minecraft:mutton":2,"minecraft:carrot":1,"minecraft:wooden_axe":38,"minecraft:iron_axe":64,"minecraft:iron_pickaxe":215,"minecraft:wooden_sword":16,"minecraft:cobblestone":180},"minecraft:crafted":{"minecraft:wooden_sword":1,"minecraft:oak_planks":80,"minecraft:spruce_planks":12,"minecraft:wooden_pickaxe":1,"minecraft:birch_planks":20,"minecraft:iron_chestplate":1,"minecraft:shield":1,"minecraft:iron_axe":1,"minecraft:stick":24,"minecraft:iron_ingot":27,"minecraft:iron_pickaxe":1,"minecraft:stone_pickaxe":1,"minecraft:wooden_axe":1}},"DataVersion":3120}