{"stats":{"minecraft:dropped":{"born_in_chaos_v1:shattered_skull":1,"simpletomb:grave_key":2,"minecraft:rotten_flesh":1,"butchercraft:butcher_knife":1,"born_in_chaos_v1:nightmare_claw":1,"minecraft:dirt":1,"minecraft:stone_pickaxe":1},"minecraft:killed_by":{"man:managgresive":1,"thestarvedstalker:the_starved_stalker_aggro":1,"minecraft:player":1,"born_in_chaos_v1:nightmare_stalker":2,"minecraft:skeleton":4,"minecraft:creeper":3,"minecraft:zombie":2,"minecraft:enderman":1,"born_in_chaos_v1:corpse_fly":1,"born_in_chaos_v1:wither_scuttler":2},"minecraft:killed":{"minecraft:zombie_villager":1,"born_in_chaos_v1:decrepit_skeleton":2,"minecraft:skeleton":1,"kevin_trophy:blister_zombie":1,"minecraft:sheep":4,"kevin_trophy:crawler_zombie":1,"minecraft:donkey":1,"minecraft:zombie":1,"minecraft:chicken":1,"born_in_chaos_v1:door_knight":1,"minecraft:enderman":1},"minecraft:mined":{"minecraft:flowering_azalea":1,"minecraft:dandelion":7,"minecraft:powder_snow":5,"minecraft:clay":4,"minecraft:cornflower":6,"minecraft:cave_vines_plant":12,"minecraft:grass_block":52,"minecraft:tall_grass":15,"minecraft:cobblestone":87,"minecraft:spruce_leaves":11,"minecraft:oak_planks":3,"minecraft:moss_block":19,"minecraft:birch_planks":2,"minecraft:birch_log":5,"minecraft:iron_ore":27,"minecraft:fire":1,"minecraft:spruce_log":3,"minecraft:birch_leaves":8,"minecraft:grass":54,"minecraft:oak_log":26,"minecraft:cave_vines":31,"minecraft:dirt":36,"minecraft:azalea":1,"minecraft:stone":158,"minecraft:oak_leaves":23},"minecraft:broken":{"minecraft:wooden_axe":1},"minecraft:picked_up":{"minecraft:birch_log":5,"minecraft:chicken":1,"minecraft:clay_ball":16,"minecraft:leather":1,"minecraft:birch_planks":1,"minecraft:oak_log":25,"simpletomb:grave_key":2,"minecraft:cornflower":6,"minecraft:dirt":82,"minecraft:moss_carpet":1,"minecraft:iron_axe":1,"minecraft:bone":16,"minecraft:bow":1,"minecraft:wheat_seeds":11,"minecraft:stone_pickaxe":1,"minecraft:azalea":2,"minecraft:moss_block":22,"minecraft:oak_planks":3,"minecraft:flowering_azalea":4,"minecraft:egg":1,"minecraft:stick":4,"minecraft:raw_iron":27,"born_in_chaos_v1:shattered_skull":1,"minecraft:torch":1,"minecraft:quartz":1,"minecraft:dandelion":8,"born_in_chaos_v1:nightmare_claw":1,"minecraft:carrot":1,"minecraft:spruce_log":3,"minecraft:arrow":9,"minecraft:rotten_flesh":10,"minecraft:tropical_fish":2,"minecraft:oak_sapling":2,"butchercraft:butcher_knife":2,"minecraft:glow_berries":14,"minecraft:mutton":6,"minecraft:coal":1,"minecraft:white_wool":3,"minecraft:cobblestone":232,"minecraft:ender_pearl":1},"minecraft:custom":{"minecraft:interact_with_furnace":12,"minecraft:mob_kills":13,"minecraft:interact_with_crafting_table":11,"minecraft:damage_dealt_resisted":126,"minecraft:leave_game":12,"minecraft:time_since_death":2193,"minecraft:sleep_in_bed":1,"minecraft:climb_one_cm":392,"minecraft:time_since_rest":2223,"minecraft:sprint_one_cm":282033,"minecraft:damage_taken":7185,"minecraft:walk_one_cm":368490,"minecraft:damage_blocked_by_shield":1240,"minecraft:drop":8,"minecraft:damage_dealt":2830,"minecraft:player_kills":1,"minecraft:fly_one_cm":504064,"minecraft:open_chest":10,"minecraft:crouch_one_cm":37036,"minecraft:play_time":147970,"minecraft:deaths":25,"minecraft:sneak_time":17250,"minecraft:walk_under_water_one_cm":105,"minecraft:jump":3739,"minecraft:walk_on_water_one_cm":3259,"minecraft:total_world_time":147970,"minecraft:fall_one_cm":136392},"minecraft:used":{"minecraft:moss_block":13,"minecraft:moss_carpet":1,"minecraft:birch_planks":3,"minecraft:tropical_fish":2,"minecraft:stone_pickaxe":90,"minecraft:oak_planks":45,"butchercraft:butcher_knife":5,"minecraft:wooden_pickaxe":20,"minecraft:shield":31,"minecraft:rotten_flesh":3,"simpletomb:grave_key":43,"minecraft:white_wool":1,"minecraft:torch":1,"minecraft:glow_berries":36,"minecraft:dirt":67,"minecraft:mutton":6,"minecraft:carrot":1,"minecraft:wooden_axe":38,"minecraft:iron_axe":102,"minecraft:iron_pickaxe":241,"minecraft:wooden_sword":16,"minecraft:cobblestone":209,"minecraft:bow":2},"minecraft:crafted":{"minecraft:wooden_sword":1,"minecraft:oak_planks":80,"minecraft:spruce_planks":12,"minecraft:wooden_pickaxe":1,"minecraft:birch_planks":20,"minecraft:iron_chestplate":1,"minecraft:shield":1,"minecraft:iron_axe":1,"minecraft:stick":24,"minecraft:iron_ingot":27,"minecraft:iron_pickaxe":1,"minecraft:stone_pickaxe":1,"minecraft:wooden_axe":1}},"DataVersion":3120}