{"stats":{"minecraft:killed_by":{"man:managgresive":1,"thestarvedstalker:the_starved_stalker_aggro":1,"minecraft:skeleton":3,"minecraft:creeper":3,"minecraft:zombie":2,"born_in_chaos_v1:corpse_fly":1,"born_in_chaos_v1:wither_scuttler":2},"minecraft:custom":{"minecraft:interact_with_furnace":2,"minecraft:mob_kills":1,"minecraft:interact_with_crafting_table":7,"minecraft:damage_dealt_resisted":7,"minecraft:leave_game":9,"minecraft:time_since_death":3701,"minecraft:sleep_in_bed":1,"minecraft:climb_one_cm":392,"minecraft:time_since_rest":3767,"minecraft:sprint_one_cm":143496,"minecraft:damage_taken":4941,"minecraft:walk_one_cm":208228,"minecraft:drop":5,"minecraft:damage_dealt":1109,"minecraft:fly_one_cm":245339,"minecraft:player_kills":1,"minecraft:open_chest":5,"minecraft:crouch_one_cm":26932,"minecraft:play_time":87526,"minecraft:deaths":17,"minecraft:sneak_time":12459,"minecraft:walk_under_water_one_cm":105,"minecraft:jump":2203,"minecraft:walk_on_water_one_cm":2702,"minecraft:total_world_time":87526,"minecraft:fall_one_cm":79420},"minecraft:used":{"minecraft:moss_block":13,"minecraft:moss_carpet":1,"minecraft:birch_planks":3,"minecraft:tropical_fish":2,"minecraft:stone_pickaxe":90,"minecraft:wooden_pickaxe":20,"minecraft:rotten_flesh":3,"simpletomb:grave_key":36,"minecraft:white_wool":1,"minecraft:glow_berries":15,"minecraft:dirt":33,"minecraft:mutton":2,"minecraft:wooden_axe":23,"minecraft:iron_pickaxe":158,"minecraft:wooden_sword":16,"minecraft:cobblestone":136},"minecraft:dropped":{"simpletomb:grave_key":2,"minecraft:rotten_flesh":1,"minecraft:dirt":1,"minecraft:stone_pickaxe":1},"minecraft:killed":{"minecraft:sheep":1,"kevin_trophy:blister_zombie":1,"minecraft:zombie":1},"minecraft:crafted":{"minecraft:wooden_sword":1,"minecraft:wooden_pickaxe":1,"minecraft:birch_planks":20,"minecraft:stick":20,"minecraft:stone_pickaxe":1,"minecraft:wooden_axe":1},"minecraft:mined":{"minecraft:flowering_azalea":1,"minecraft:dandelion":3,"minecraft:powder_snow":5,"minecraft:clay":4,"minecraft:cornflower":1,"minecraft:cave_vines_plant":12,"minecraft:grass_block":41,"minecraft:cobblestone":60,"minecraft:tall_grass":11,"minecraft:spruce_leaves":11,"minecraft:moss_block":19,"minecraft:birch_planks":2,"minecraft:birch_log":5,"minecraft:iron_ore":27,"minecraft:fire":1,"minecraft:spruce_log":3,"minecraft:birch_leaves":8,"minecraft:grass":18,"minecraft:oak_log":1,"minecraft:cave_vines":31,"minecraft:dirt":25,"minecraft:azalea":1,"minecraft:stone":114,"minecraft:oak_leaves":2},"minecraft:picked_up":{"minecraft:birch_log":5,"minecraft:clay_ball":16,"minecraft:birch_planks":1,"simpletomb:grave_key":2,"minecraft:cornflower":1,"minecraft:dirt":63,"minecraft:moss_carpet":1,"minecraft:bone":6,"minecraft:wheat_seeds":6,"minecraft:stone_pickaxe":1,"minecraft:azalea":2,"minecraft:moss_block":22,"minecraft:flowering_azalea":4,"minecraft:stick":2,"minecraft:raw_iron":27,"minecraft:dandelion":4,"minecraft:spruce_log":3,"minecraft:arrow":2,"minecraft:rotten_flesh":5,"minecraft:tropical_fish":2,"minecraft:glow_berries":14,"minecraft:mutton":2,"minecraft:white_wool":1,"minecraft:cobblestone":154}},"DataVersion":3120}