{"stats":{"minecraft:crafted":{"minecraft:wooden_sword":1,"minecraft:stick":20,"minecraft:wooden_pickaxe":1,"minecraft:stone_pickaxe":1,"minecraft:wooden_axe":1,"minecraft:birch_planks":20},"minecraft:dropped":{"minecraft:rotten_flesh":1,"minecraft:stone_pickaxe":1},"minecraft:used":{"minecraft:wooden_axe":18,"minecraft:birch_planks":3,"minecraft:stone_pickaxe":31,"minecraft:wooden_pickaxe":10,"minecraft:rotten_flesh":3,"simpletomb:grave_key":9,"minecraft:white_wool":1,"minecraft:wooden_sword":7,"minecraft:dirt":2,"minecraft:cobblestone":29,"minecraft:mutton":2},"minecraft:killed":{"minecraft:sheep":1,"kevin_trophy:blister_zombie":1,"minecraft:zombie":1},"minecraft:killed_by":{"man:managgresive":1,"thestarvedstalker:the_starved_stalker_aggro":1,"born_in_chaos_v1:corpse_fly":1,"minecraft:skeleton":1,"minecraft:zombie":1},"minecraft:mined":{"minecraft:birch_planks":2,"minecraft:birch_log":5,"minecraft:fire":1,"minecraft:birch_leaves":8,"minecraft:dandelion":3,"minecraft:grass":9,"minecraft:grass_block":5,"minecraft:oak_log":1,"minecraft:dirt":2,"minecraft:cobblestone":11,"minecraft:tall_grass":1,"minecraft:stone":30,"minecraft:oak_leaves":2},"minecraft:picked_up":{"minecraft:birch_log":5,"minecraft:dandelion":4,"minecraft:birch_planks":1,"minecraft:dirt":7,"minecraft:rotten_flesh":5,"minecraft:bone":3,"minecraft:wheat_seeds":1,"minecraft:stone_pickaxe":1,"minecraft:mutton":2,"minecraft:white_wool":1,"minecraft:cobblestone":36},"minecraft:custom":{"minecraft:time_since_rest":1945,"minecraft:sprint_one_cm":83497,"minecraft:damage_taken":2022,"minecraft:walk_one_cm":99353,"minecraft:mob_kills":1,"minecraft:drop":2,"minecraft:damage_dealt":640,"minecraft:interact_with_crafting_table":7,"minecraft:fly_one_cm":138839,"minecraft:crouch_one_cm":10852,"minecraft:play_time":38101,"minecraft:deaths":7,"minecraft:sneak_time":5065,"minecraft:damage_dealt_resisted":7,"minecraft:jump":1024,"minecraft:leave_game":3,"minecraft:time_since_death":1891,"minecraft:sleep_in_bed":1,"minecraft:total_world_time":38101,"minecraft:fall_one_cm":41646}},"DataVersion":3120}