{"stat.pickup.minecraft.double_plant":2,"stat.walkOneCm":70149,"stat.pickup.minecraft.bone":2,"stat.pickup.minecraft.stick":4,"stat.leaveGame":1,"stat.pickup.minecraft.crafting_table":3,"stat.useItem.minecraft.cobblestone":1,"stat.craftItem.minecraft.crafting_table":3,"stat.mineBlock.minecraft.coal_ore":1,"stat.pickup.minecraft.log":19,"stat.pickup.minecraft.string":4,"stat.jump":441,"stat.swimOneCm":1972,"stat.pickup.minecraft.coal":1,"stat.fallOneCm":20062,"stat.entityKilledBy.Skeleton":2,"stat.crouchOneCm":473,"stat.pickup.minecraft.sapling":6,"stat.pickup.minecraft.dirt":17,"stat.useItem.minecraft.dirt":5,"stat.sprintOneCm":81442,"stat.useItem.minecraft.stone_slab2":3,"stat.craftItem.minecraft.stick":28,"stat.craftingTableInteraction":8,"stat.pickup.minecraft.iron_ore":11,"stat.entityKilledBy.Spider":1,"stat.craftItem.minecraft.planks":64,"stat.damageTaken":1925,"stat.mineBlock.minecraft.crafting_table":1,"stat.killEntity.Spider":1,"stat.craftItem.minecraft.stone_pickaxe":2,"stat.mineBlock.minecraft.red_flower":1,"stat.useItem.minecraft.wooden_pickaxe":10,"stat.pickup.minecraft.cobblestone":30,"stat.mobKills":1,"stat.mineBlock.minecraft.log":16,"stat.pickup.minecraft.planks":10,"stat.craftItem.minecraft.stone_sword":1,"stat.flyOneCm":50065,"stat.deaths":7,"stat.pickup.minecraft.wheat_seeds":2,"stat.mineBlock.minecraft.leaves":15,"stat.playOneMinute":21782,"stat.entityKilledBy.Zombie":1,"stat.useItem.minecraft.stone_pickaxe":29,"stat.sneakTime":315,"stat.useItem.minecraft.stone_sword":16,"stat.damageDealt":507,"stat.mineBlock.minecraft.iron_ore":11,"stat.timeSinceDeath":2844,"stat.mineBlock.minecraft.dirt":14,"stat.useItem.minecraft.crafting_table":1,"stat.craftItem.minecraft.wooden_pickaxe":2,"stat.mineBlock.minecraft.stone":22,"stat.mineBlock.minecraft.tallgrass":11,"stat.diveOneCm":616}