{"stats":{"minecraft:used":{"simpletomb:grave_key":3,"minecraft:dirt":2},"minecraft:killed_by":{"minecraft:skeleton":1,"minecraft:zombie":1},"minecraft:mined":{"minecraft:grass":4,"minecraft:oak_log":1,"minecraft:grass_block":5,"minecraft:dirt":2,"minecraft:fire":1,"minecraft:tall_grass":1,"minecraft:birch_leaves":6,"minecraft:dandelion":3,"minecraft:oak_leaves":2},"minecraft:picked_up":{"minecraft:bone":2,"minecraft:dandelion":3,"minecraft:dirt":7},"minecraft:custom":{"minecraft:time_since_rest":212,"minecraft:crouch_one_cm":758,"minecraft:sprint_one_cm":46908,"minecraft:play_time":14101,"minecraft:deaths":3,"minecraft:damage_taken":794,"minecraft:walk_one_cm":37041,"minecraft:sneak_time":297,"minecraft:jump":464,"minecraft:damage_dealt":92,"minecraft:leave_game":3,"minecraft:time_since_death":175,"minecraft:total_world_time":14101,"minecraft:fall_one_cm":22068,"minecraft:fly_one_cm":64510}},"DataVersion":3120}