{"stats":{"minecraft:used":{"minecraft:dark_oak_planks":4,"minecraft:stone_pickaxe":99,"minecraft:wooden_pickaxe":27,"minecraft:stone_axe":20,"minecraft:dirt":1,"minecraft:cobblestone":4,"minecraft:crafting_table":1},"minecraft:picked_up":{"minecraft:dark_oak_log":23,"minecraft:dirt":5,"minecraft:dark_oak_planks":2,"minecraft:bone":1,"minecraft:stone_pickaxe":1,"minecraft:cobblestone":125},"minecraft:mined":{"minecraft:dark_oak_planks":2,"minecraft:dark_oak_log":22,"minecraft:grass":1,"minecraft:grass_block":1,"minecraft:dirt":4,"minecraft:stone":123},"minecraft:crafted":{"minecraft:crafting_table":2,"minecraft:stick":16,"minecraft:wooden_pickaxe":1,"minecraft:stone_pickaxe":1,"minecraft:wooden_axe":2,"minecraft:dark_oak_planks":88,"minecraft:stone_axe":3},"minecraft:custom":{"minecraft:time_since_rest":18298,"minecraft:sprint_one_cm":24709,"minecraft:walk_one_cm":44986,"minecraft:damage_taken":210,"minecraft:mob_kills":2,"minecraft:drop":2,"minecraft:damage_dealt":335,"minecraft:interact_with_crafting_table":5,"minecraft:swim_one_cm":848,"minecraft:fly_one_cm":22103,"minecraft:crouch_one_cm":1380,"minecraft:play_time":18298,"minecraft:sneak_time":1208,"minecraft:walk_under_water_one_cm":2557,"minecraft:jump":233,"minecraft:leave_game":2,"minecraft:walk_on_water_one_cm":2826,"minecraft:time_since_death":18298,"minecraft:total_world_time":18332,"minecraft:fall_one_cm":6916},"minecraft:killed":{"minecraft:skeleton":1,"minecraft:zombie":2},"minecraft:dropped":{"minecraft:stone_axe":1,"minecraft:stone_pickaxe":1}},"DataVersion":3120}