{"stats":{"minecraft:dropped":{"born_in_chaos_v1:shattered_skull":1,"simpletomb:grave_key":2,"minecraft:rotten_flesh":1,"minecraft:dirt":1,"minecraft:stone_pickaxe":1},"minecraft:killed_by":{"man:managgresive":1,"thestarvedstalker:the_starved_stalker_aggro":1,"minecraft:skeleton":3,"minecraft:creeper":3,"minecraft:zombie":2,"born_in_chaos_v1:corpse_fly":1,"born_in_chaos_v1:wither_scuttler":2},"minecraft:killed":{"born_in_chaos_v1:decrepit_skeleton":2,"kevin_trophy:blister_zombie":1,"minecraft:sheep":4,"kevin_trophy:crawler_zombie":1,"minecraft:zombie":1,"born_in_chaos_v1:door_knight":1},"minecraft:mined":{"minecraft:flowering_azalea":1,"minecraft:dandelion":7,"minecraft:powder_snow":5,"minecraft:clay":4,"minecraft:cornflower":6,"minecraft:cave_vines_plant":12,"minecraft:grass_block":52,"minecraft:tall_grass":15,"minecraft:cobblestone":75,"minecraft:spruce_leaves":11,"minecraft:oak_planks":2,"minecraft:moss_block":19,"minecraft:birch_planks":2,"minecraft:birch_log":5,"minecraft:iron_ore":27,"minecraft:fire":1,"minecraft:spruce_log":3,"minecraft:birch_leaves":8,"minecraft:grass":45,"minecraft:oak_log":26,"minecraft:cave_vines":31,"minecraft:dirt":36,"minecraft:azalea":1,"minecraft:stone":157,"minecraft:oak_leaves":23},"minecraft:broken":{"minecraft:wooden_axe":1},"minecraft:picked_up":{"minecraft:birch_log":5,"minecraft:clay_ball":16,"minecraft:birch_planks":1,"minecraft:oak_log":25,"simpletomb:grave_key":2,"minecraft:cornflower":6,"minecraft:dirt":82,"minecraft:moss_carpet":1,"minecraft:iron_axe":1,"minecraft:bone":7,"minecraft:wheat_seeds":10,"minecraft:stone_pickaxe":1,"minecraft:azalea":2,"minecraft:moss_block":22,"minecraft:oak_planks":2,"minecraft:flowering_azalea":4,"minecraft:egg":1,"minecraft:stick":4,"minecraft:raw_iron":27,"born_in_chaos_v1:shattered_skull":1,"minecraft:quartz":1,"minecraft:dandelion":8,"minecraft:carrot":1,"minecraft:spruce_log":3,"minecraft:arrow":2,"minecraft:rotten_flesh":8,"minecraft:tropical_fish":2,"minecraft:oak_sapling":2,"minecraft:glow_berries":14,"minecraft:mutton":6,"minecraft:white_wool":3,"minecraft:cobblestone":214},"minecraft:custom":{"minecraft:interact_with_furnace":11,"minecraft:mob_kills":8,"minecraft:interact_with_crafting_table":11,"minecraft:damage_dealt_resisted":126,"minecraft:leave_game":12,"minecraft:time_since_death":5382,"minecraft:sleep_in_bed":1,"minecraft:climb_one_cm":392,"minecraft:time_since_rest":5792,"minecraft:sprint_one_cm":221747,"minecraft:damage_taken":5590,"minecraft:walk_one_cm":297926,"minecraft:damage_blocked_by_shield":160,"minecraft:drop":6,"minecraft:damage_dealt":2005,"minecraft:player_kills":1,"minecraft:fly_one_cm":398110,"minecraft:open_chest":10,"minecraft:crouch_one_cm":34379,"minecraft:play_time":123970,"minecraft:deaths":19,"minecraft:sneak_time":15399,"minecraft:walk_under_water_one_cm":105,"minecraft:jump":3059,"minecraft:walk_on_water_one_cm":3259,"minecraft:total_world_time":123970,"minecraft:fall_one_cm":112735},"minecraft:used":{"minecraft:moss_block":13,"minecraft:moss_carpet":1,"minecraft:birch_planks":3,"minecraft:tropical_fish":2,"minecraft:stone_pickaxe":90,"minecraft:oak_planks":44,"minecraft:wooden_pickaxe":20,"minecraft:shield":7,"minecraft:rotten_flesh":3,"simpletomb:grave_key":38,"minecraft:white_wool":1,"minecraft:glow_berries":36,"minecraft:dirt":67,"minecraft:mutton":2,"minecraft:carrot":1,"minecraft:wooden_axe":38,"minecraft:iron_axe":83,"minecraft:iron_pickaxe":226,"minecraft:wooden_sword":16,"minecraft:cobblestone":198},"minecraft:crafted":{"minecraft:wooden_sword":1,"minecraft:oak_planks":80,"minecraft:spruce_planks":12,"minecraft:wooden_pickaxe":1,"minecraft:birch_planks":20,"minecraft:iron_chestplate":1,"minecraft:shield":1,"minecraft:iron_axe":1,"minecraft:stick":24,"minecraft:iron_ingot":27,"minecraft:iron_pickaxe":1,"minecraft:stone_pickaxe":1,"minecraft:wooden_axe":1}},"DataVersion":3120}