{"stats":{"minecraft:used":{"minecraft:dark_oak_planks":4,"minecraft:stone_pickaxe":175,"minecraft:wooden_pickaxe":28,"minecraft:stone_axe":49,"minecraft:dirt":1,"minecraft:cobblestone":86,"minecraft:crafting_table":2},"minecraft:picked_up":{"minecraft:wooden_axe":2,"minecraft:raw_iron":7,"minecraft:crafting_table":1,"minecraft:stick":3,"minecraft:andesite":7,"minecraft:wooden_pickaxe":1,"minecraft:oak_log":4,"minecraft:dark_oak_log":34,"minecraft:dirt":38,"minecraft:dark_oak_planks":63,"minecraft:bone":2,"minecraft:stone_axe":1,"minecraft:stone_pickaxe":2,"minecraft:oak_sapling":1,"minecraft:coal":3,"minecraft:cobblestone":254,"minecraft:birch_log":6},"minecraft:mined":{"minecraft:dark_oak_planks":2,"minecraft:iron_ore":7,"minecraft:birch_log":6,"minecraft:andesite":12,"minecraft:dark_oak_log":33,"minecraft:birch_leaves":1,"minecraft:grass":1,"minecraft:coal_ore":3,"minecraft:grass_block":1,"minecraft:oak_log":4,"minecraft:dirt":17,"minecraft:cobblestone":4,"minecraft:stone":161,"minecraft:oak_leaves":10},"minecraft:killed_by":{"minecraft:creeper":1},"minecraft:crafted":{"minecraft:crafting_table":2,"minecraft:stick":16,"minecraft:wooden_pickaxe":1,"minecraft:stone_pickaxe":2,"minecraft:wooden_axe":2,"minecraft:dark_oak_planks":88,"minecraft:stone_axe":3},"minecraft:custom":{"minecraft:time_since_rest":11416,"minecraft:sprint_one_cm":44608,"minecraft:walk_one_cm":67818,"minecraft:damage_taken":472,"minecraft:mob_kills":2,"minecraft:drop":63,"minecraft:damage_dealt":344,"minecraft:interact_with_crafting_table":6,"minecraft:swim_one_cm":6764,"minecraft:fly_one_cm":48417,"minecraft:crouch_one_cm":4775,"minecraft:play_time":30298,"minecraft:deaths":1,"minecraft:sneak_time":3493,"minecraft:walk_under_water_one_cm":6265,"minecraft:jump":472,"minecraft:leave_game":2,"minecraft:walk_on_water_one_cm":9018,"minecraft:time_since_death":11330,"minecraft:total_world_time":30332,"minecraft:fall_one_cm":12442},"minecraft:killed":{"minecraft:skeleton":1,"minecraft:zombie":2},"minecraft:dropped":{"minecraft:stone_axe":1,"minecraft:stone_pickaxe":1,"minecraft:dark_oak_planks":61}},"DataVersion":3120}