{"stats":{"minecraft:used":{"minecraft:stone_pickaxe":244,"minecraft:shield":3,"minecraft:wooden_pickaxe":34,"minecraft:white_wool":1,"minecraft:dirt":36,"minecraft:mutton":2,"minecraft:crafting_table":2,"minecraft:dark_oak_planks":4,"minecraft:wooden_axe":6,"minecraft:chicken":3,"minecraft:stone_axe":50,"minecraft:cobblestone":150,"minecraft:furnace":1,"minecraft:dark_oak_fence":1,"minecraft:birch_log":3},"minecraft:picked_up":{"minecraft:wooden_axe":6,"minecraft:birch_log":19,"minecraft:crafting_table":1,"minecraft:feather":6,"minecraft:chicken":3,"minecraft:andesite":18,"minecraft:wooden_pickaxe":3,"minecraft:oak_log":12,"minecraft:dirt":102,"minecraft:bone":4,"minecraft:stone_pickaxe":6,"minecraft:azalea":2,"minecraft:moss_block":3,"minecraft:dark_oak_stairs":28,"minecraft:egg":9,"minecraft:stick":5,"minecraft:raw_iron":58,"minecraft:dark_oak_log":45,"minecraft:dark_oak_planks":131,"minecraft:stone_axe":2,"minecraft:granite":3,"minecraft:oak_sapling":3,"minecraft:dark_oak_fence":1,"minecraft:glow_berries":3,"minecraft:mutton":4,"minecraft:coal":21,"minecraft:white_wool":2,"minecraft:cobblestone":322},"minecraft:mined":{"minecraft:dark_oak_planks":2,"minecraft:dark_oak_log":33,"minecraft:cave_vines_plant":1,"minecraft:granite":6,"minecraft:grass_block":3,"minecraft:cobblestone":12,"minecraft:moss_block":1,"minecraft:birch_log":7,"minecraft:iron_ore":24,"minecraft:birch_leaves":1,"minecraft:andesite":13,"minecraft:grass":7,"minecraft:oak_log":4,"minecraft:coal_ore":15,"minecraft:dirt":17,"minecraft:azalea":1,"minecraft:stone":186,"minecraft:oak_leaves":27},"minecraft:killed_by":{"minecraft:skeleton":1,"minecraft:creeper":1},"minecraft:crafted":{"minecraft:oak_planks":16,"minecraft:dark_oak_stairs":28,"minecraft:crafting_table":2,"minecraft:wooden_pickaxe":1,"minecraft:iron_sword":1,"minecraft:furnace":1,"minecraft:stone_axe":3,"minecraft:shield":1,"minecraft:stick":16,"minecraft:iron_ingot":12,"minecraft:stone_pickaxe":2,"minecraft:wooden_axe":2,"minecraft:iron_leggings":1,"minecraft:dark_oak_planks":132},"minecraft:custom":{"minecraft:interact_with_furnace":2,"minecraft:mob_kills":6,"minecraft:interact_with_crafting_table":12,"minecraft:leave_game":2,"minecraft:time_since_death":15752,"minecraft:time_since_rest":15778,"minecraft:sprint_one_cm":124250,"minecraft:damage_taken":1267,"minecraft:walk_one_cm":189503,"minecraft:damage_blocked_by_shield":110,"minecraft:drop":65,"minecraft:damage_dealt":624,"minecraft:swim_one_cm":18627,"minecraft:fly_one_cm":113832,"minecraft:player_kills":1,"minecraft:crouch_one_cm":14601,"minecraft:play_time":66298,"minecraft:deaths":4,"minecraft:sneak_time":8108,"minecraft:walk_under_water_one_cm":18049,"minecraft:jump":1101,"minecraft:walk_on_water_one_cm":15736,"minecraft:total_world_time":66332,"minecraft:fall_one_cm":36402},"minecraft:killed":{"minecraft:sheep":1,"minecraft:skeleton":1,"minecraft:zombie":2,"minecraft:chicken":3},"minecraft:dropped":{"minecraft:stone_axe":1,"minecraft:wooden_axe":1,"minecraft:stone_pickaxe":1,"minecraft:dark_oak_planks":125}},"DataVersion":3120}