{"stat.useItem.minecraft.string":1,"stat.pickup.minecraft.bone":4,"stat.leaveGame":3,"stat.pickup.minecraft.stone_pickaxe":1,"stat.useItem.minecraft.rotten_flesh":2,"stat.jump":824,"stat.swimOneCm":4226,"stat.pickup.minecraft.coal":12,"stat.fallOneCm":33605,"stat.pickup.minecraft.iron_ingot":3,"stat.craftItem.minecraft.shield":1,"stat.crouchOneCm":805,"stat.craftItem.minecraft.iron_ingot":19,"stat.pickup.minecraft.dirt":31,"stat.useItem.minecraft.dirt":5,"stat.useItem.minecraft.stone_slab2":4,"stat.pickup.minecraft.iron_boots":1,"stat.craftingTableInteraction":13,"stat.pickup.minecraft.iron_ore":20,"stat.pickup.minecraft.rotten_flesh":4,"stat.craftItem.minecraft.furnace":1,"stat.entityKilledBy.Spider":1,"stat.craftItem.minecraft.iron_boots":1,"stat.damageTaken":2095,"stat.craftItem.minecraft.stone_pickaxe":2,"stat.mineBlock.minecraft.red_flower":1,"stat.useItem.minecraft.wooden_pickaxe":10,"stat.pickup.minecraft.cobblestone":59,"stat.pickup.minecraft.planks":20,"stat.craftItem.minecraft.stone_sword":1,"stat.flyOneCm":90767,"stat.pickup.minecraft.wheat_seeds":3,"stat.entityKilledBy.Zombie":1,"stat.useItem.minecraft.stone_pickaxe":80,"stat.useItem.minecraft.stone_sword":16,"stat.craftItem.minecraft.iron_leggings":1,"stat.damageDealt":810,"stat.mineBlock.minecraft.iron_ore":20,"stat.timeSinceDeath":10914,"stat.killEntity.Cow":1,"stat.mineBlock.minecraft.dirt":19,"stat.useItem.minecraft.crafting_table":1,"stat.craftItem.minecraft.wooden_pickaxe":2,"stat.craftItem.minecraft.iron_sword":1,"stat.pickup.minecraft.double_plant":2,"stat.walkOneCm":123084,"stat.pickup.minecraft.stick":6,"stat.pickup.minecraft.crafting_table":3,"stat.useItem.minecraft.cobblestone":13,"stat.craftItem.minecraft.crafting_table":3,"stat.furnaceInteraction":7,"stat.mineBlock.minecraft.coal_ore":12,"stat.pickup.minecraft.log":20,"stat.pickup.minecraft.string":7,"stat.pickup.minecraft.beef":1,"stat.entityKilledBy.Skeleton":2,"stat.pickup.minecraft.stone":2,"stat.craftItem.minecraft.iron_chestplate":1,"stat.pickup.minecraft.sapling":7,"stat.sprintOneCm":143264,"stat.craftItem.minecraft.stick":28,"stat.killEntity.Skeleton":1,"stat.craftItem.minecraft.planks":64,"stat.useItem.minecraft.iron_sword":8,"stat.mineBlock.minecraft.crafting_table":1,"stat.killEntity.Spider":1,"stat.mobKills":3,"stat.mineBlock.minecraft.log":16,"stat.useItem.minecraft.beef":1,"stat.deaths":8,"stat.mineBlock.minecraft.leaves":24,"stat.playOneMinute":37823,"stat.sneakTime":379,"stat.mineBlock.minecraft.stone":34,"stat.mineBlock.minecraft.tallgrass":13,"stat.diveOneCm":1665}