{"stats":{"minecraft:used":{"minecraft:wooden_axe":4,"minecraft:dark_oak_planks":4,"minecraft:chicken":3,"minecraft:stone_pickaxe":194,"minecraft:wooden_pickaxe":28,"minecraft:stone_axe":50,"minecraft:dirt":1,"minecraft:cobblestone":111,"minecraft:crafting_table":2},"minecraft:picked_up":{"minecraft:wooden_axe":2,"minecraft:raw_iron":17,"minecraft:crafting_table":1,"minecraft:stick":3,"minecraft:feather":3,"minecraft:chicken":3,"minecraft:andesite":9,"minecraft:wooden_pickaxe":1,"minecraft:oak_log":4,"minecraft:dark_oak_log":34,"minecraft:dirt":40,"minecraft:dark_oak_planks":63,"minecraft:bone":2,"minecraft:stone_axe":1,"minecraft:stone_pickaxe":2,"minecraft:azalea":1,"minecraft:oak_sapling":2,"minecraft:moss_block":1,"minecraft:glow_berries":1,"minecraft:mutton":2,"minecraft:white_wool":1,"minecraft:coal":3,"minecraft:egg":3,"minecraft:cobblestone":260,"minecraft:birch_log":6},"minecraft:mined":{"minecraft:dark_oak_planks":2,"minecraft:iron_ore":17,"minecraft:birch_log":6,"minecraft:andesite":13,"minecraft:dark_oak_log":33,"minecraft:birch_leaves":1,"minecraft:cave_vines_plant":1,"minecraft:grass":2,"minecraft:coal_ore":3,"minecraft:grass_block":3,"minecraft:oak_log":4,"minecraft:dirt":17,"minecraft:cobblestone":5,"minecraft:azalea":1,"minecraft:stone":167,"minecraft:moss_block":1,"minecraft:oak_leaves":25},"minecraft:killed_by":{"minecraft:creeper":1},"minecraft:crafted":{"minecraft:crafting_table":2,"minecraft:stick":16,"minecraft:wooden_pickaxe":1,"minecraft:stone_pickaxe":2,"minecraft:wooden_axe":2,"minecraft:dark_oak_planks":88,"minecraft:stone_axe":3},"minecraft:custom":{"minecraft:time_since_rest":5224,"minecraft:sprint_one_cm":82145,"minecraft:walk_one_cm":113418,"minecraft:damage_taken":572,"minecraft:mob_kills":6,"minecraft:drop":63,"minecraft:damage_dealt":544,"minecraft:interact_with_crafting_table":6,"minecraft:swim_one_cm":8620,"minecraft:fly_one_cm":72054,"minecraft:crouch_one_cm":5915,"minecraft:play_time":42298,"minecraft:deaths":2,"minecraft:sneak_time":4151,"minecraft:walk_under_water_one_cm":14574,"minecraft:jump":699,"minecraft:leave_game":2,"minecraft:walk_on_water_one_cm":12621,"minecraft:time_since_death":4988,"minecraft:total_world_time":42332,"minecraft:fall_one_cm":19118},"minecraft:killed":{"minecraft:skeleton":1,"minecraft:zombie":2,"minecraft:chicken":3,"minecraft:sheep":1},"minecraft:dropped":{"minecraft:stone_axe":1,"minecraft:stone_pickaxe":1,"minecraft:dark_oak_planks":61}},"DataVersion":3120}