{"stats":{"minecraft:killed_by":{"man:managgresive":1,"thestarvedstalker:the_starved_stalker_aggro":1,"minecraft:skeleton":3,"minecraft:creeper":3,"minecraft:zombie":2,"born_in_chaos_v1:corpse_fly":1,"born_in_chaos_v1:wither_scuttler":2},"minecraft:custom":{"minecraft:interact_with_furnace":9,"minecraft:mob_kills":1,"minecraft:interact_with_crafting_table":11,"minecraft:damage_dealt_resisted":71,"minecraft:leave_game":10,"minecraft:time_since_death":17409,"minecraft:sleep_in_bed":1,"minecraft:climb_one_cm":392,"minecraft:time_since_rest":17475,"minecraft:sprint_one_cm":150025,"minecraft:damage_taken":5021,"minecraft:walk_one_cm":225947,"minecraft:drop":5,"minecraft:damage_dealt":1281,"minecraft:fly_one_cm":256027,"minecraft:player_kills":1,"minecraft:open_chest":10,"minecraft:crouch_one_cm":30157,"minecraft:play_time":101234,"minecraft:deaths":17,"minecraft:sneak_time":14079,"minecraft:walk_under_water_one_cm":105,"minecraft:jump":2310,"minecraft:walk_on_water_one_cm":2702,"minecraft:total_world_time":101234,"minecraft:fall_one_cm":82560},"minecraft:used":{"minecraft:moss_block":13,"minecraft:moss_carpet":1,"minecraft:birch_planks":3,"minecraft:tropical_fish":2,"minecraft:stone_pickaxe":90,"minecraft:wooden_pickaxe":20,"minecraft:rotten_flesh":3,"simpletomb:grave_key":36,"minecraft:white_wool":1,"minecraft:glow_berries":27,"minecraft:dirt":44,"minecraft:mutton":2,"minecraft:wooden_axe":38,"minecraft:iron_axe":2,"minecraft:iron_pickaxe":204,"minecraft:wooden_sword":16,"minecraft:cobblestone":170},"minecraft:dropped":{"simpletomb:grave_key":2,"minecraft:rotten_flesh":1,"minecraft:dirt":1,"minecraft:stone_pickaxe":1},"minecraft:killed":{"minecraft:sheep":1,"kevin_trophy:blister_zombie":1,"minecraft:zombie":1},"minecraft:crafted":{"minecraft:wooden_sword":1,"minecraft:spruce_planks":12,"minecraft:wooden_pickaxe":1,"minecraft:birch_planks":20,"minecraft:iron_chestplate":1,"minecraft:shield":1,"minecraft:iron_axe":1,"minecraft:stick":24,"minecraft:iron_ingot":27,"minecraft:iron_pickaxe":1,"minecraft:stone_pickaxe":1,"minecraft:wooden_axe":1},"minecraft:mined":{"minecraft:flowering_azalea":1,"minecraft:dandelion":3,"minecraft:powder_snow":5,"minecraft:clay":4,"minecraft:cornflower":1,"minecraft:cave_vines_plant":12,"minecraft:grass_block":42,"minecraft:cobblestone":64,"minecraft:tall_grass":11,"minecraft:spruce_leaves":11,"minecraft:moss_block":19,"minecraft:birch_planks":2,"minecraft:birch_log":5,"minecraft:iron_ore":27,"minecraft:fire":1,"minecraft:spruce_log":3,"minecraft:birch_leaves":8,"minecraft:grass":18,"minecraft:oak_log":1,"minecraft:cave_vines":31,"minecraft:dirt":31,"minecraft:azalea":1,"minecraft:stone":154,"minecraft:oak_leaves":2},"minecraft:picked_up":{"minecraft:birch_log":5,"minecraft:clay_ball":16,"minecraft:birch_planks":1,"simpletomb:grave_key":2,"minecraft:cornflower":1,"minecraft:dirt":70,"minecraft:moss_carpet":1,"minecraft:bone":6,"minecraft:wheat_seeds":6,"minecraft:stone_pickaxe":1,"minecraft:azalea":2,"minecraft:moss_block":22,"minecraft:flowering_azalea":4,"minecraft:stick":2,"minecraft:raw_iron":27,"minecraft:dandelion":4,"minecraft:spruce_log":3,"minecraft:arrow":2,"minecraft:rotten_flesh":5,"minecraft:tropical_fish":2,"minecraft:glow_berries":14,"minecraft:mutton":2,"minecraft:white_wool":1,"minecraft:cobblestone":198},"minecraft:broken":{"minecraft:wooden_axe":1}},"DataVersion":3120}