{"stats":{"minecraft:crafted":{"minecraft:wooden_sword":1,"minecraft:stick":20,"minecraft:wooden_pickaxe":1,"minecraft:stone_pickaxe":1,"minecraft:wooden_axe":1,"minecraft:birch_planks":20},"minecraft:used":{"minecraft:wooden_axe":14,"minecraft:birch_planks":3,"minecraft:wooden_pickaxe":10,"minecraft:rotten_flesh":3,"simpletomb:grave_key":6,"minecraft:wooden_sword":7,"minecraft:dirt":2,"minecraft:cobblestone":4,"minecraft:mutton":2},"minecraft:killed":{"minecraft:sheep":1,"kevin_trophy:blister_zombie":1,"minecraft:zombie":1},"minecraft:killed_by":{"born_in_chaos_v1:corpse_fly":1,"minecraft:skeleton":1,"minecraft:zombie":1},"minecraft:mined":{"minecraft:birch_planks":2,"minecraft:birch_log":5,"minecraft:fire":1,"minecraft:birch_leaves":8,"minecraft:dandelion":3,"minecraft:grass":9,"minecraft:grass_block":5,"minecraft:oak_log":1,"minecraft:dirt":2,"minecraft:cobblestone":1,"minecraft:tall_grass":1,"minecraft:stone":9,"minecraft:oak_leaves":2},"minecraft:picked_up":{"minecraft:birch_log":5,"minecraft:dandelion":4,"minecraft:birch_planks":1,"minecraft:dirt":7,"minecraft:rotten_flesh":4,"minecraft:bone":2,"minecraft:wheat_seeds":1,"minecraft:mutton":2,"minecraft:white_wool":1,"minecraft:cobblestone":7},"minecraft:custom":{"minecraft:time_since_rest":258,"minecraft:sprint_one_cm":74496,"minecraft:damage_taken":1372,"minecraft:walk_one_cm":73325,"minecraft:mob_kills":1,"minecraft:damage_dealt":532,"minecraft:interact_with_crafting_table":5,"minecraft:fly_one_cm":117709,"minecraft:crouch_one_cm":4589,"minecraft:play_time":26101,"minecraft:deaths":5,"minecraft:sneak_time":1813,"minecraft:jump":779,"minecraft:leave_game":3,"minecraft:time_since_death":226,"minecraft:total_world_time":26101,"minecraft:fall_one_cm":35761}},"DataVersion":3120}