{"stats":{"minecraft:used":{"minecraft:wooden_axe":4,"minecraft:dark_oak_planks":4,"minecraft:chicken":3,"minecraft:stone_pickaxe":227,"minecraft:wooden_pickaxe":34,"minecraft:white_wool":1,"minecraft:stone_axe":50,"minecraft:mutton":2,"minecraft:dirt":36,"minecraft:cobblestone":149,"minecraft:crafting_table":2,"minecraft:birch_log":2},"minecraft:picked_up":{"minecraft:wooden_axe":6,"minecraft:raw_iron":58,"minecraft:crafting_table":1,"minecraft:stick":5,"minecraft:feather":6,"minecraft:chicken":3,"minecraft:andesite":18,"minecraft:wooden_pickaxe":3,"minecraft:oak_log":12,"minecraft:dark_oak_log":45,"minecraft:dirt":102,"minecraft:dark_oak_planks":67,"minecraft:bone":4,"minecraft:stone_axe":2,"minecraft:granite":3,"minecraft:stone_pickaxe":6,"minecraft:azalea":2,"minecraft:dark_oak_stairs":28,"minecraft:oak_sapling":3,"minecraft:moss_block":3,"minecraft:glow_berries":3,"minecraft:mutton":4,"minecraft:white_wool":2,"minecraft:coal":21,"minecraft:egg":9,"minecraft:cobblestone":306,"minecraft:birch_log":18},"minecraft:mined":{"minecraft:dark_oak_planks":2,"minecraft:iron_ore":24,"minecraft:birch_log":6,"minecraft:andesite":13,"minecraft:dark_oak_log":33,"minecraft:birch_leaves":1,"minecraft:cave_vines_plant":1,"minecraft:granite":6,"minecraft:grass":6,"minecraft:coal_ore":15,"minecraft:grass_block":3,"minecraft:oak_log":4,"minecraft:dirt":17,"minecraft:cobblestone":11,"minecraft:azalea":1,"minecraft:stone":171,"minecraft:moss_block":1,"minecraft:oak_leaves":27},"minecraft:killed_by":{"minecraft:skeleton":1,"minecraft:creeper":1},"minecraft:crafted":{"minecraft:dark_oak_stairs":28,"minecraft:crafting_table":2,"minecraft:stick":16,"minecraft:wooden_pickaxe":1,"minecraft:stone_pickaxe":2,"minecraft:wooden_axe":2,"minecraft:dark_oak_planks":132,"minecraft:stone_axe":3},"minecraft:custom":{"minecraft:time_since_rest":3778,"minecraft:sprint_one_cm":108053,"minecraft:walk_one_cm":149260,"minecraft:damage_taken":1212,"minecraft:mob_kills":6,"minecraft:drop":63,"minecraft:damage_dealt":554,"minecraft:interact_with_crafting_table":7,"minecraft:swim_one_cm":18627,"minecraft:fly_one_cm":103029,"minecraft:crouch_one_cm":10747,"minecraft:play_time":54298,"minecraft:deaths":4,"minecraft:sneak_time":6745,"minecraft:walk_under_water_one_cm":17482,"minecraft:jump":967,"minecraft:leave_game":2,"minecraft:walk_on_water_one_cm":15115,"minecraft:time_since_death":3752,"minecraft:total_world_time":54332,"minecraft:fall_one_cm":33343},"minecraft:killed":{"minecraft:skeleton":1,"minecraft:zombie":2,"minecraft:chicken":3,"minecraft:sheep":1},"minecraft:dropped":{"minecraft:stone_axe":1,"minecraft:stone_pickaxe":1,"minecraft:dark_oak_planks":61}},"DataVersion":3120}