{"stats":{"minecraft:crafted":{"minecraft:wooden_sword":1,"minecraft:wooden_pickaxe":1,"minecraft:birch_planks":20,"minecraft:stick":20,"minecraft:stone_pickaxe":1,"minecraft:wooden_axe":1},"minecraft:used":{"minecraft:moss_block":9,"minecraft:moss_carpet":1,"minecraft:birch_planks":3,"minecraft:tropical_fish":2,"minecraft:stone_pickaxe":90,"minecraft:wooden_pickaxe":20,"minecraft:rotten_flesh":3,"simpletomb:grave_key":31,"minecraft:white_wool":1,"minecraft:dirt":19,"minecraft:mutton":2,"minecraft:wooden_axe":19,"minecraft:iron_pickaxe":101,"minecraft:wooden_sword":16,"minecraft:cobblestone":85},"minecraft:picked_up":{"minecraft:birch_log":5,"minecraft:clay_ball":16,"minecraft:birch_planks":1,"simpletomb:grave_key":2,"minecraft:cornflower":1,"minecraft:dirt":29,"minecraft:moss_carpet":1,"minecraft:bone":6,"minecraft:wheat_seeds":6,"minecraft:stone_pickaxe":1,"minecraft:azalea":2,"minecraft:moss_block":18,"minecraft:flowering_azalea":4,"minecraft:raw_iron":23,"minecraft:dandelion":4,"minecraft:arrow":2,"minecraft:rotten_flesh":5,"minecraft:tropical_fish":2,"minecraft:glow_berries":14,"minecraft:mutton":2,"minecraft:white_wool":1,"minecraft:cobblestone":129},"minecraft:dropped":{"simpletomb:grave_key":2,"minecraft:rotten_flesh":1,"minecraft:dirt":1,"minecraft:stone_pickaxe":1},"minecraft:killed":{"minecraft:sheep":1,"kevin_trophy:blister_zombie":1,"minecraft:zombie":1},"minecraft:custom":{"minecraft:interact_with_furnace":2,"minecraft:mob_kills":1,"minecraft:interact_with_crafting_table":7,"minecraft:damage_dealt_resisted":7,"minecraft:leave_game":7,"minecraft:time_since_death":4125,"minecraft:sleep_in_bed":1,"minecraft:climb_one_cm":220,"minecraft:time_since_rest":4160,"minecraft:sprint_one_cm":136226,"minecraft:damage_taken":4671,"minecraft:walk_one_cm":184304,"minecraft:drop":5,"minecraft:damage_dealt":1109,"minecraft:fly_one_cm":231301,"minecraft:player_kills":1,"minecraft:open_chest":5,"minecraft:crouch_one_cm":19729,"minecraft:play_time":70542,"minecraft:deaths":16,"minecraft:sneak_time":8733,"minecraft:walk_under_water_one_cm":105,"minecraft:jump":1953,"minecraft:walk_on_water_one_cm":2702,"minecraft:total_world_time":70542,"minecraft:fall_one_cm":76300},"minecraft:killed_by":{"man:managgresive":1,"thestarvedstalker:the_starved_stalker_aggro":1,"minecraft:skeleton":3,"minecraft:creeper":3,"minecraft:zombie":2,"born_in_chaos_v1:corpse_fly":1,"born_in_chaos_v1:wither_scuttler":2},"minecraft:mined":{"minecraft:flowering_azalea":1,"minecraft:dandelion":3,"minecraft:clay":4,"minecraft:cornflower":1,"minecraft:cave_vines_plant":11,"minecraft:grass_block":12,"minecraft:cobblestone":38,"minecraft:tall_grass":11,"minecraft:moss_block":15,"minecraft:birch_planks":2,"minecraft:birch_log":5,"minecraft:iron_ore":23,"minecraft:fire":1,"minecraft:birch_leaves":8,"minecraft:grass":18,"minecraft:oak_log":1,"minecraft:cave_vines":29,"minecraft:dirt":20,"minecraft:azalea":1,"minecraft:stone":97,"minecraft:oak_leaves":2}},"DataVersion":3120}