{"stats":{"minecraft:crafted":{"minecraft:wooden_sword":1,"minecraft:wooden_pickaxe":1,"minecraft:birch_planks":20,"minecraft:stick":20,"minecraft:stone_pickaxe":1,"minecraft:wooden_axe":1},"minecraft:dropped":{"simpletomb:grave_key":2,"minecraft:rotten_flesh":1,"minecraft:stone_pickaxe":1},"minecraft:used":{"minecraft:moss_block":9,"minecraft:moss_carpet":1,"minecraft:birch_planks":3,"minecraft:tropical_fish":2,"minecraft:stone_pickaxe":90,"minecraft:wooden_pickaxe":20,"minecraft:rotten_flesh":3,"simpletomb:grave_key":30,"minecraft:white_wool":1,"minecraft:dirt":2,"minecraft:mutton":2,"minecraft:wooden_axe":19,"minecraft:iron_pickaxe":83,"minecraft:wooden_sword":16,"minecraft:cobblestone":79},"minecraft:killed":{"minecraft:sheep":1,"kevin_trophy:blister_zombie":1,"minecraft:zombie":1},"minecraft:mined":{"minecraft:flowering_azalea":1,"minecraft:dandelion":3,"minecraft:clay":4,"minecraft:cornflower":1,"minecraft:cave_vines_plant":11,"minecraft:grass_block":5,"minecraft:cobblestone":38,"minecraft:tall_grass":11,"minecraft:moss_block":15,"minecraft:birch_planks":2,"minecraft:birch_log":5,"minecraft:iron_ore":11,"minecraft:fire":1,"minecraft:birch_leaves":8,"minecraft:grass":17,"minecraft:oak_log":1,"minecraft:cave_vines":29,"minecraft:dirt":3,"minecraft:azalea":1,"minecraft:stone":91,"minecraft:oak_leaves":2},"minecraft:killed_by":{"man:managgresive":1,"thestarvedstalker:the_starved_stalker_aggro":1,"minecraft:skeleton":3,"minecraft:creeper":3,"minecraft:zombie":1,"born_in_chaos_v1:corpse_fly":1,"born_in_chaos_v1:wither_scuttler":2},"minecraft:custom":{"minecraft:interact_with_furnace":2,"minecraft:mob_kills":1,"minecraft:interact_with_crafting_table":7,"minecraft:damage_dealt_resisted":7,"minecraft:leave_game":6,"minecraft:time_since_death":5362,"minecraft:sleep_in_bed":1,"minecraft:climb_one_cm":220,"minecraft:time_since_rest":5395,"minecraft:sprint_one_cm":130371,"minecraft:damage_taken":4521,"minecraft:walk_one_cm":173688,"minecraft:drop":4,"minecraft:damage_dealt":1109,"minecraft:fly_one_cm":217960,"minecraft:player_kills":1,"minecraft:open_chest":5,"minecraft:crouch_one_cm":18863,"minecraft:play_time":65905,"minecraft:deaths":15,"minecraft:sneak_time":8260,"minecraft:walk_under_water_one_cm":105,"minecraft:jump":1779,"minecraft:walk_on_water_one_cm":2702,"minecraft:total_world_time":65905,"minecraft:fall_one_cm":71635},"minecraft:picked_up":{"minecraft:birch_log":5,"minecraft:clay_ball":16,"minecraft:birch_planks":1,"simpletomb:grave_key":2,"minecraft:dirt":8,"minecraft:moss_carpet":1,"minecraft:bone":6,"minecraft:wheat_seeds":6,"minecraft:stone_pickaxe":1,"minecraft:azalea":2,"minecraft:moss_block":18,"minecraft:flowering_azalea":4,"minecraft:raw_iron":11,"minecraft:dandelion":4,"minecraft:arrow":2,"minecraft:rotten_flesh":5,"minecraft:tropical_fish":2,"minecraft:glow_berries":14,"minecraft:mutton":2,"minecraft:white_wool":1,"minecraft:cobblestone":120}},"DataVersion":3120}