{"stats":{"minecraft:mined":{"minecraft:grass":1,"minecraft:grass_block":5,"minecraft:birch_leaves":2,"minecraft:dirt":2},"minecraft:picked_up":{"minecraft:dirt":7},"minecraft:custom":{"minecraft:jump":155,"minecraft:time_since_rest":6200,"minecraft:leave_game":3,"minecraft:crouch_one_cm":30,"minecraft:play_time":6200,"minecraft:sprint_one_cm":13626,"minecraft:damage_taken":140,"minecraft:time_since_death":6200,"minecraft:walk_one_cm":14329,"minecraft:sneak_time":3,"minecraft:total_world_time":6200,"minecraft:fall_one_cm":6467,"minecraft:fly_one_cm":18145}},"DataVersion":3120}