{"stats":{"minecraft:crafted":{"minecraft:oak_planks":28,"minecraft:crafting_table":2,"minecraft:wooden_pickaxe":1,"minecraft:furnace":1,"minecraft:stone":3,"minecraft:birch_planks":16,"minecraft:stone_axe":1,"minecraft:shield":1,"minecraft:iron_axe":2,"born_in_chaos_v1:fried_maggot":1,"minecraft:stick":24,"minecraft:iron_ingot":13,"minecraft:iron_pickaxe":2,"minecraft:stone_pickaxe":1,"minecraft:wooden_axe":1,"minecraft:chest":1,"minecraft:white_bed":1,"minecraft:torch":12,"minecraft:clay":6},"minecraft:dropped":{"simpletomb:grave_key":2,"minecraft:rotten_flesh":1,"minecraft:iron_pickaxe":1},"minecraft:used":{"minecraft:azalea":2,"minecraft:moss_block":14,"minecraft:moss_carpet":7,"minecraft:birch_planks":3,"minecraft:stone_pickaxe":120,"minecraft:chest":1,"minecraft:wooden_pickaxe":21,"minecraft:stone":3,"minecraft:clay":6,"born_in_chaos_v1:fried_maggot":1,"minecraft:rotten_flesh":4,"simpletomb:grave_key":48,"minecraft:torch":9,"minecraft:dirt":18,"minecraft:mutton":1,"minecraft:crafting_table":2,"minecraft:white_bed":1,"minecraft:oak_log":1,"minecraft:wooden_axe":42,"minecraft:iron_axe":10,"minecraft:iron_pickaxe":54,"minecraft:stone_axe":69,"minecraft:cobblestone":109,"minecraft:furnace":1},"minecraft:killed":{"born_in_chaos_v1:bonescaller":1,"born_in_chaos_v1:zombie_bruiser":1,"born_in_chaos_v1:baby_skeleton_minion":2,"born_in_chaos_v1:decrepit_skeleton":1,"minecraft:skeleton":1,"minecraft:sheep":2,"minecraft:zombie":8,"born_in_chaos_v1:corpse_fly":4},"minecraft:mined":{"minecraft:dandelion":3,"minecraft:clay":6,"minecraft:cornflower":1,"minecraft:tall_grass":4,"minecraft:cobblestone":45,"minecraft:moss_block":4,"minecraft:wall_torch":4,"minecraft:birch_planks":3,"minecraft:birch_log":4,"minecraft:iron_ore":14,"minecraft:birch_leaves":2,"minecraft:moss_carpet":5,"minecraft:grass":22,"minecraft:coal_ore":22,"minecraft:dirt":1,"minecraft:stripped_oak_log":1,"minecraft:stone":87,"minecraft:white_wool":1,"minecraft:oak_leaves":9},"minecraft:killed_by":{"man:managgresive":1,"thestarvedstalker:the_starved_stalker_aggro":1,"born_in_chaos_v1:bonescaller":1,"minecraft:player":2,"minecraft:skeleton":1,"the_one_who_watches:toww_running":2,"minecraft:zombie":2,"born_in_chaos_v1:phantom_creeper_copy":1,"midnightlurker:midnight_lurker_unprovoked":1},"minecraft:custom":{"minecraft:interact_with_furnace":24,"minecraft:mob_kills":22,"minecraft:interact_with_crafting_table":17,"minecraft:time_since_death":1305,"minecraft:sleep_in_bed":4,"minecraft:time_since_rest":1345,"minecraft:sprint_one_cm":114104,"minecraft:damage_taken":3932,"minecraft:walk_one_cm":171958,"minecraft:drop":4,"minecraft:damage_dealt":4336,"minecraft:fly_one_cm":162912,"minecraft:open_chest":20,"minecraft:crouch_one_cm":36655,"minecraft:play_time":68419,"minecraft:deaths":14,"minecraft:sneak_time":10810,"minecraft:jump":1252,"minecraft:walk_on_water_one_cm":1439,"minecraft:total_world_time":68419,"minecraft:fall_one_cm":34379},"minecraft:picked_up":{"minecraft:stripped_oak_log":2,"minecraft:birch_log":4,"born_in_chaos_v1:corpse_maggot":1,"minecraft:clay_ball":24,"minecraft:birch_planks":4,"minecraft:oak_log":6,"simpletomb:grave_key":2,"minecraft:cornflower":2,"minecraft:dirt":18,"minecraft:moss_carpet":6,"minecraft:bone":4,"minecraft:wheat_seeds":2,"minecraft:iron_ingot":1,"minecraft:azalea":1,"minecraft:iron_pickaxe":1,"minecraft:moss_block":5,"minecraft:stick":3,"minecraft:raw_iron":14,"minecraft:torch":5,"minecraft:dandelion":4,"minecraft:fermented_spider_eye":1,"minecraft:arrow":2,"minecraft:rotten_flesh":11,"minecraft:oak_sapling":1,"minecraft:mutton":1,"minecraft:coal":22,"minecraft:white_wool":3,"minecraft:cobblestone":146},"minecraft:broken":{"minecraft:stone_pickaxe":1,"minecraft:stone_axe":1,"minecraft:wooden_axe":1}},"DataVersion":3120}