{"stats":{"minecraft:dropped":{"simpletomb:grave_key":2,"minecraft:rotten_flesh":1,"minecraft:iron_axe":1,"minecraft:iron_pickaxe":1},"minecraft:killed_by":{"thestarvedstalker:the_starved_stalker_aggro":1,"man:managgresive":1,"born_in_chaos_v1:bonescaller":1,"minecraft:player":2,"minecraft:skeleton":1,"the_one_who_watches:toww_running":2,"minecraft:zombie":2,"born_in_chaos_v1:phantom_creeper_copy":1,"midnightlurker:midnight_lurker_unprovoked":1},"minecraft:mined":{"minecraft:dandelion":3,"minecraft:clay":6,"minecraft:cornflower":1,"minecraft:grass_block":1,"minecraft:tall_grass":4,"minecraft:cobblestone":47,"minecraft:moss_block":4,"minecraft:wall_torch":4,"minecraft:birch_planks":3,"minecraft:birch_log":4,"minecraft:iron_ore":22,"minecraft:birch_leaves":2,"minecraft:moss_carpet":5,"minecraft:grass":22,"minecraft:coal_ore":22,"minecraft:dirt":2,"minecraft:stripped_oak_log":1,"minecraft:stone":98,"minecraft:white_wool":1,"minecraft:oak_leaves":9},"minecraft:killed":{"born_in_chaos_v1:bonescaller":1,"born_in_chaos_v1:zombie_bruiser":1,"born_in_chaos_v1:baby_skeleton_minion":2,"born_in_chaos_v1:decrepit_skeleton":1,"born_in_chaos_v1:maggot":1,"minecraft:skeleton":1,"minecraft:sheep":2,"minecraft:zombie":9,"born_in_chaos_v1:corpse_fly":4},"minecraft:broken":{"minecraft:stone_pickaxe":1,"minecraft:stone_axe":1,"minecraft:wooden_axe":1},"minecraft:picked_up":{"minecraft:stripped_oak_log":2,"minecraft:birch_log":4,"born_in_chaos_v1:corpse_maggot":2,"minecraft:clay_ball":24,"minecraft:birch_planks":4,"minecraft:oak_log":6,"simpletomb:grave_key":2,"minecraft:cornflower":2,"minecraft:dirt":20,"minecraft:moss_carpet":6,"minecraft:bone":4,"minecraft:wheat_seeds":2,"minecraft:iron_ingot":1,"minecraft:azalea":1,"minecraft:iron_pickaxe":1,"minecraft:moss_block":5,"minecraft:stick":3,"minecraft:raw_iron":22,"born_in_chaos_v1:shattered_skull":1,"minecraft:sweet_berries":2,"minecraft:torch":5,"minecraft:dandelion":4,"minecraft:fermented_spider_eye":1,"minecraft:arrow":2,"minecraft:rotten_flesh":11,"minecraft:oak_sapling":1,"minecraft:mutton":1,"minecraft:coal":22,"minecraft:white_wool":3,"minecraft:cobblestone":159},"minecraft:custom":{"minecraft:interact_with_furnace":33,"minecraft:mob_kills":24,"minecraft:interact_with_crafting_table":24,"minecraft:leave_game":1,"minecraft:time_since_death":8390,"minecraft:sleep_in_bed":4,"minecraft:time_since_rest":8430,"minecraft:sprint_one_cm":125064,"minecraft:damage_taken":3992,"minecraft:walk_one_cm":187086,"minecraft:drop":5,"minecraft:damage_dealt":4604,"minecraft:swim_one_cm":87,"minecraft:fly_one_cm":179879,"minecraft:open_chest":25,"minecraft:crouch_one_cm":40057,"minecraft:play_time":75504,"minecraft:deaths":14,"minecraft:sneak_time":11830,"minecraft:walk_under_water_one_cm":5290,"minecraft:jump":1409,"minecraft:walk_on_water_one_cm":2981,"minecraft:total_world_time":75504,"minecraft:fall_one_cm":38231},"minecraft:used":{"minecraft:azalea":2,"minecraft:moss_block":14,"minecraft:moss_carpet":7,"minecraft:birch_planks":3,"minecraft:stone_pickaxe":120,"minecraft:chest":1,"minecraft:wooden_pickaxe":21,"minecraft:stone":3,"minecraft:clay":6,"born_in_chaos_v1:fried_maggot":1,"minecraft:rotten_flesh":4,"simpletomb:grave_key":48,"minecraft:iron_chestplate":1,"minecraft:torch":9,"minecraft:dirt":20,"minecraft:mutton":1,"minecraft:crafting_table":2,"minecraft:white_bed":1,"born_in_chaos_v1:corpse_maggot":1,"minecraft:oak_log":1,"minecraft:wooden_axe":42,"minecraft:iron_axe":14,"minecraft:iron_pickaxe":76,"minecraft:iron_boots":1,"minecraft:stone_axe":69,"minecraft:cobblestone":120,"minecraft:sweet_berries":4,"minecraft:furnace":1,"minecraft:iron_leggings":1},"minecraft:crafted":{"minecraft:oak_planks":28,"minecraft:crafting_table":2,"minecraft:wooden_pickaxe":1,"minecraft:furnace":1,"minecraft:stone":3,"minecraft:bucket":1,"minecraft:birch_planks":16,"minecraft:stone_axe":1,"minecraft:iron_boots":1,"minecraft:iron_chestplate":1,"minecraft:shield":1,"minecraft:iron_axe":2,"minecraft:stick":24,"born_in_chaos_v1:fried_maggot":1,"minecraft:iron_ingot":22,"minecraft:iron_pickaxe":2,"minecraft:stone_pickaxe":1,"minecraft:wooden_axe":1,"minecraft:chest":1,"minecraft:iron_leggings":1,"minecraft:white_bed":1,"minecraft:torch":12,"minecraft:clay":6}},"DataVersion":3120}