{"stat.walkOneCm":63622,"stat.useItem.minecraft.torch":9,"stat.pickup.minecraft.bone":2,"stat.playerKills":1,"stat.useItem.minecraft.iron_axe":10,"stat.leaveGame":1,"stat.pickup.minecraft.arrow":2,"stat.pickup.minecraft.crafting_table":2,"stat.useItem.minecraft.cobblestone":40,"stat.pickup.minecraft.stone_pickaxe":1,"stat.craftItem.minecraft.crafting_table":3,"stat.furnaceInteraction":16,"stat.craftItem.minecraft.iron_axe":1,"stat.mineBlock.minecraft.coal_ore":26,"stat.killEntity.Creeper":1,"stat.pickup.minecraft.log":12,"stat.pickup.minecraft.string":1,"stat.jump":393,"stat.swimOneCm":8052,"stat.pickup.minecraft.coal":26,"stat.fallOneCm":6654,"stat.pickup.minecraft.beef":7,"stat.pickup.minecraft.furnace":1,"stat.useItem.minecraft.stone_axe":10,"stat.pickup.minecraft.stone":2,"stat.pickup.minecraft.gunpowder":1,"stat.craftItem.minecraft.iron_chestplate":1,"stat.crouchOneCm":5795,"stat.craftItem.minecraft.iron_ingot":24,"stat.craftItem.minecraft.torch":16,"stat.pickup.minecraft.sapling":1,"stat.craftItem.minecraft.iron_helmet":1,"stat.sprintOneCm":45207,"stat.useItem.minecraft.stone_slab2":11,"stat.craftItem.minecraft.stick":16,"stat.craftItem.minecraft.wooden_axe":1,"stat.craftingTableInteraction":10,"stat.pickup.minecraft.iron_ore":36,"stat.killEntity.Skeleton":1,"stat.craftItem.minecraft.furnace":2,"stat.craftItem.minecraft.planks":48,"stat.craftItem.minecraft.stone_axe":1,"stat.craftItem.minecraft.iron_boots":1,"stat.pickup.minecraft.wooden_pickaxe":1,"stat.damageTaken":320,"stat.mineBlock.minecraft.crafting_table":2,"stat.pickup.minecraft.leather":3,"stat.killEntity.Spider":1,"stat.craftItem.minecraft.stone_pickaxe":1,"stat.useItem.minecraft.wooden_pickaxe":17,"stat.craftItem.minecraft.cooked_beef":3,"stat.pickup.minecraft.cobblestone":85,"stat.mobKills":9,"stat.mineBlock.minecraft.log":12,"stat.useItem.minecraft.beef":4,"stat.flyOneCm":32037,"stat.playOneMinute":22298,"stat.useItem.minecraft.stone_pickaxe":48,"stat.useItem.minecraft.cooked_beef":2,"stat.sneakTime":1919,"stat.craftItem.minecraft.iron_pickaxe":1,"stat.damageDealt":1326,"stat.mineBlock.minecraft.iron_ore":36,"stat.killEntity.Zombie":1,"stat.timeSinceDeath":22298,"stat.useItem.minecraft.wooden_axe":7,"stat.killEntity.Cow":5,"stat.useItem.minecraft.iron_pickaxe":85,"stat.craftItem.minecraft.wooden_pickaxe":1,"stat.mineBlock.minecraft.stone":87,"stat.mineBlock.minecraft.tallgrass":1,"stat.diveOneCm":20866}