{"stat.chestOpened":3,"stat.pickup.minecraft.bone":11,"stat.useItem.minecraft.iron_axe":67,"stat.leaveGame":2,"stat.pickup.minecraft.arrow":16,"stat.pickup.minecraft.stone_pickaxe":1,"stat.craftItem.minecraft.iron_axe":1,"stat.useItem.minecraft.rotten_flesh":1,"stat.jump":1064,"stat.swimOneCm":20160,"stat.pickup.minecraft.coal":43,"stat.fallOneCm":22616,"stat.craftItem.minecraft.shield":1,"stat.pickup.minecraft.iron_ingot":3,"stat.useItem.minecraft.planks":6,"stat.drop.minecraft.cobblestone":1,"stat.useItem.minecraft.stone_axe":10,"stat.pickup.minecraft.gunpowder":1,"stat.crouchOneCm":7328,"stat.craftItem.minecraft.iron_ingot":37,"stat.craftItem.minecraft.torch":16,"stat.craftItem.minecraft.chest":1,"stat.craftItem.minecraft.iron_helmet":1,"stat.pickup.minecraft.dirt":4,"stat.useItem.minecraft.dirt":3,"stat.useItem.minecraft.stone_slab2":18,"stat.useItem.minecraft.water_bucket":14,"stat.craftingTableInteraction":25,"stat.pickup.minecraft.iron_ore":36,"stat.pickup.minecraft.rotten_flesh":8,"stat.craftItem.minecraft.furnace":4,"stat.pickup.minecraft.iron_axe":3,"stat.useItem.minecraft.egg":2,"stat.craftItem.minecraft.stone_axe":1,"stat.craftItem.minecraft.iron_boots":1,"stat.pickup.minecraft.wooden_pickaxe":1,"stat.pickup.minecraft.leather":15,"stat.damageTaken":882,"stat.craftItem.minecraft.stone_pickaxe":1,"stat.useItem.minecraft.wooden_pickaxe":17,"stat.craftItem.minecraft.cooked_beef":14,"stat.pickup.minecraft.cobblestone":103,"stat.flyOneCm":101653,"stat.useItem.minecraft.stone_pickaxe":48,"stat.useItem.minecraft.cooked_beef":7,"stat.craftItem.minecraft.iron_leggings":1,"stat.damageDealt":5046,"stat.mineBlock.minecraft.iron_ore":36,"stat.timeSinceDeath":51027,"stat.killEntity.Cow":16,"stat.useItem.minecraft.iron_pickaxe":108,"stat.mineBlock.minecraft.dirt":4,"stat.craftItem.minecraft.wooden_pickaxe":1,"stat.drop.minecraft.iron_axe":3,"stat.walkOneCm":178447,"stat.useItem.minecraft.torch":12,"stat.animalsBred":2,"stat.playerKills":1,"stat.pickup.minecraft.crafting_table":2,"stat.useItem.minecraft.cobblestone":59,"stat.craftItem.minecraft.crafting_table":4,"stat.furnaceInteraction":47,"stat.killEntity.Wolf":1,"stat.mineBlock.minecraft.coal_ore":26,"stat.killEntity.Creeper":2,"stat.pickup.minecraft.log":13,"stat.pickup.minecraft.string":1,"stat.pickup.minecraft.beef":34,"stat.pickup.minecraft.furnace":1,"stat.pickup.minecraft.stone":2,"stat.drop.minecraft.planks":1,"stat.craftItem.minecraft.iron_chestplate":1,"stat.pickup.minecraft.chicken":2,"stat.pickup.minecraft.sapling":1,"stat.sprintOneCm":126537,"stat.craftItem.minecraft.wooden_axe":1,"stat.craftItem.minecraft.stick":16,"stat.killEntity.Skeleton":6,"stat.craftItem.minecraft.bucket":1,"stat.craftItem.minecraft.planks":52,"stat.killEntity.Chicken":2,"stat.mineBlock.minecraft.crafting_table":2,"stat.killEntity.Spider":1,"stat.mobKills":40,"stat.mineBlock.minecraft.log":12,"stat.useItem.minecraft.bucket":15,"stat.useItem.minecraft.beef":11,"stat.drop":5,"stat.pickup.minecraft.egg":2,"stat.mineBlock.minecraft.leaves":2,"stat.playOneMinute":51027,"stat.craftItem.minecraft.iron_pickaxe":1,"stat.sneakTime":2372,"stat.killEntity.Zombie":5,"stat.useItem.minecraft.wooden_axe":7,"stat.mineBlock.minecraft.stone":109,"stat.mineBlock.minecraft.tallgrass":1,"stat.diveOneCm":30134}