{"stats":{"minecraft:crafted":{"minecraft:oak_planks":12,"minecraft:crafting_table":2,"minecraft:stick":8,"minecraft:wooden_pickaxe":1,"minecraft:stone_pickaxe":1,"minecraft:wooden_axe":1,"minecraft:chest":1,"minecraft:white_bed":1,"minecraft:torch":12,"minecraft:birch_planks":16,"minecraft:stone_axe":1},"minecraft:used":{"minecraft:oak_log":1,"minecraft:wooden_axe":22,"minecraft:birch_planks":3,"minecraft:stone_pickaxe":88,"minecraft:chest":1,"minecraft:wooden_pickaxe":21,"minecraft:rotten_flesh":2,"simpletomb:grave_key":24,"minecraft:stone_axe":51,"minecraft:torch":8,"minecraft:mutton":1,"minecraft:cobblestone":41,"minecraft:crafting_table":2,"minecraft:white_bed":1},"minecraft:killed":{"minecraft:sheep":2,"minecraft:skeleton":1,"born_in_chaos_v1:bonescaller":1,"minecraft:zombie":5,"born_in_chaos_v1:baby_skeleton_minion":2},"minecraft:killed_by":{"thestarvedstalker:the_starved_stalker_aggro":1,"man:managgresive":1,"born_in_chaos_v1:bonescaller":1,"born_in_chaos_v1:phantom_creeper_copy":1,"minecraft:skeleton":1,"the_one_who_watches:toww_running":2,"minecraft:zombie":1,"midnightlurker:midnight_lurker_unprovoked":1},"minecraft:mined":{"minecraft:birch_planks":3,"minecraft:iron_ore":4,"minecraft:birch_log":4,"minecraft:birch_leaves":2,"minecraft:dandelion":3,"minecraft:grass":12,"minecraft:coal_ore":22,"minecraft:stripped_oak_log":1,"minecraft:cobblestone":24,"minecraft:tall_grass":1,"minecraft:stone":45,"minecraft:white_wool":1,"minecraft:oak_leaves":9,"minecraft:wall_torch":3},"minecraft:custom":{"minecraft:time_since_rest":1498,"minecraft:sprint_one_cm":76881,"minecraft:damage_taken":3006,"minecraft:walk_one_cm":106833,"minecraft:mob_kills":13,"minecraft:damage_dealt":2289,"minecraft:interact_with_crafting_table":10,"minecraft:fly_one_cm":95901,"minecraft:open_chest":8,"minecraft:crouch_one_cm":16150,"minecraft:play_time":38419,"minecraft:deaths":10,"minecraft:sneak_time":4879,"minecraft:jump":660,"minecraft:time_since_death":1470,"minecraft:sleep_in_bed":1,"minecraft:total_world_time":38419,"minecraft:fall_one_cm":18477},"minecraft:picked_up":{"minecraft:stripped_oak_log":2,"minecraft:birch_log":4,"minecraft:raw_iron":4,"minecraft:stick":3,"minecraft:torch":4,"minecraft:dandelion":3,"minecraft:birch_planks":4,"minecraft:oak_log":4,"minecraft:fermented_spider_eye":1,"minecraft:cornflower":1,"minecraft:bone":2,"minecraft:arrow":2,"minecraft:rotten_flesh":3,"minecraft:wheat_seeds":1,"minecraft:oak_sapling":1,"minecraft:mutton":1,"minecraft:coal":22,"minecraft:white_wool":3,"minecraft:cobblestone":72}},"DataVersion":3120}