{"stat.drop.minecraft.iron_axe":3,"stat.chestOpened":3,"stat.walkOneCm":101114,"stat.useItem.minecraft.torch":12,"stat.pickup.minecraft.bone":3,"stat.playerKills":1,"stat.useItem.minecraft.iron_axe":15,"stat.leaveGame":1,"stat.pickup.minecraft.arrow":4,"stat.pickup.minecraft.crafting_table":2,"stat.useItem.minecraft.cobblestone":59,"stat.pickup.minecraft.stone_pickaxe":1,"stat.craftItem.minecraft.crafting_table":3,"stat.furnaceInteraction":41,"stat.craftItem.minecraft.iron_axe":1,"stat.mineBlock.minecraft.coal_ore":26,"stat.killEntity.Creeper":1,"stat.pickup.minecraft.log":12,"stat.pickup.minecraft.string":1,"stat.jump":673,"stat.swimOneCm":9272,"stat.pickup.minecraft.coal":27,"stat.fallOneCm":12495,"stat.craftItem.minecraft.shield":1,"stat.pickup.minecraft.iron_ingot":3,"stat.useItem.minecraft.planks":6,"stat.pickup.minecraft.beef":13,"stat.pickup.minecraft.furnace":1,"stat.drop.minecraft.cobblestone":1,"stat.useItem.minecraft.stone_axe":10,"stat.pickup.minecraft.stone":2,"stat.pickup.minecraft.gunpowder":1,"stat.drop.minecraft.planks":1,"stat.craftItem.minecraft.iron_chestplate":1,"stat.crouchOneCm":6976,"stat.craftItem.minecraft.iron_ingot":37,"stat.craftItem.minecraft.torch":16,"stat.craftItem.minecraft.chest":1,"stat.pickup.minecraft.sapling":1,"stat.craftItem.minecraft.iron_helmet":1,"stat.pickup.minecraft.dirt":4,"stat.useItem.minecraft.dirt":3,"stat.sprintOneCm":90962,"stat.useItem.minecraft.stone_slab2":16,"stat.craftItem.minecraft.stick":16,"stat.craftItem.minecraft.wooden_axe":1,"stat.useItem.minecraft.water_bucket":14,"stat.craftingTableInteraction":21,"stat.pickup.minecraft.iron_ore":36,"stat.killEntity.Skeleton":2,"stat.craftItem.minecraft.furnace":3,"stat.craftItem.minecraft.bucket":1,"stat.craftItem.minecraft.planks":48,"stat.pickup.minecraft.iron_axe":3,"stat.craftItem.minecraft.stone_axe":1,"stat.craftItem.minecraft.iron_boots":1,"stat.pickup.minecraft.wooden_pickaxe":1,"stat.damageTaken":360,"stat.mineBlock.minecraft.crafting_table":2,"stat.pickup.minecraft.leather":8,"stat.killEntity.Spider":1,"stat.craftItem.minecraft.stone_pickaxe":1,"stat.useItem.minecraft.wooden_pickaxe":17,"stat.craftItem.minecraft.cooked_beef":9,"stat.pickup.minecraft.cobblestone":95,"stat.mobKills":13,"stat.mineBlock.minecraft.log":12,"stat.useItem.minecraft.bucket":15,"stat.useItem.minecraft.beef":4,"stat.flyOneCm":67587,"stat.drop":5,"stat.playOneMinute":33998,"stat.useItem.minecraft.stone_pickaxe":48,"stat.useItem.minecraft.cooked_beef":4,"stat.sneakTime":2286,"stat.craftItem.minecraft.iron_pickaxe":1,"stat.craftItem.minecraft.iron_leggings":1,"stat.damageDealt":1596,"stat.mineBlock.minecraft.iron_ore":36,"stat.killEntity.Zombie":1,"stat.timeSinceDeath":33998,"stat.useItem.minecraft.wooden_axe":7,"stat.killEntity.Cow":8,"stat.useItem.minecraft.iron_pickaxe":99,"stat.mineBlock.minecraft.dirt":4,"stat.craftItem.minecraft.wooden_pickaxe":1,"stat.mineBlock.minecraft.stone":101,"stat.mineBlock.minecraft.tallgrass":1,"stat.diveOneCm":27656}