{"stats":{"minecraft:used":{"minecraft:rotten_flesh":2,"simpletomb:grave_key":3},"minecraft:killed_by":{"minecraft:skeleton":1,"born_in_chaos_v1:phantom_creeper_copy":1},"minecraft:mined":{"minecraft:grass":3,"minecraft:birch_log":2,"minecraft:tall_grass":1,"minecraft:oak_leaves":1},"minecraft:custom":{"minecraft:time_since_rest":719,"minecraft:crouch_one_cm":2119,"minecraft:play_time":14419,"minecraft:sprint_one_cm":30312,"minecraft:walk_one_cm":29280,"minecraft:damage_taken":850,"minecraft:deaths":3,"minecraft:sneak_time":515,"minecraft:jump":215,"minecraft:damage_dealt":109,"minecraft:time_since_death":694,"minecraft:total_world_time":14419,"minecraft:fall_one_cm":6866,"minecraft:fly_one_cm":33025},"minecraft:picked_up":{"minecraft:birch_log":1,"minecraft:stick":3,"minecraft:arrow":2,"minecraft:bone":2,"minecraft:rotten_flesh":2,"minecraft:oak_log":1}},"DataVersion":3120}