{"stats":{"minecraft:crafted":{"minecraft:oak_planks":4,"minecraft:crafting_table":2,"minecraft:stick":8,"minecraft:wooden_pickaxe":1,"minecraft:stone_pickaxe":1,"minecraft:wooden_axe":1,"minecraft:birch_planks":16,"minecraft:stone_axe":1},"minecraft:used":{"minecraft:wooden_axe":22,"minecraft:stone_pickaxe":15,"minecraft:wooden_pickaxe":21,"minecraft:rotten_flesh":2,"simpletomb:grave_key":17,"minecraft:stone_axe":12,"minecraft:cobblestone":3,"minecraft:crafting_table":2},"minecraft:killed":{"minecraft:sheep":2,"minecraft:zombie":3},"minecraft:killed_by":{"born_in_chaos_v1:phantom_creeper_copy":1,"minecraft:skeleton":1,"the_one_who_watches:toww_running":2,"minecraft:zombie":1,"midnightlurker:midnight_lurker_unprovoked":1},"minecraft:mined":{"minecraft:birch_planks":1,"minecraft:birch_log":4,"minecraft:birch_leaves":2,"minecraft:dandelion":3,"minecraft:grass":11,"minecraft:cobblestone":4,"minecraft:tall_grass":1,"minecraft:stone":21,"minecraft:oak_leaves":9},"minecraft:custom":{"minecraft:time_since_rest":1341,"minecraft:sprint_one_cm":72061,"minecraft:damage_taken":1906,"minecraft:walk_one_cm":60811,"minecraft:mob_kills":7,"minecraft:damage_dealt":1283,"minecraft:interact_with_crafting_table":5,"minecraft:fly_one_cm":93308,"minecraft:crouch_one_cm":6434,"minecraft:play_time":26419,"minecraft:deaths":7,"minecraft:sneak_time":1851,"minecraft:jump":532,"minecraft:time_since_death":1309,"minecraft:total_world_time":26419,"minecraft:fall_one_cm":16592},"minecraft:picked_up":{"minecraft:stripped_oak_log":1,"minecraft:birch_log":4,"minecraft:stick":3,"minecraft:dandelion":3,"minecraft:birch_planks":2,"minecraft:oak_log":4,"minecraft:fermented_spider_eye":1,"minecraft:cornflower":1,"minecraft:bone":2,"minecraft:arrow":2,"minecraft:rotten_flesh":2,"minecraft:wheat_seeds":1,"minecraft:oak_sapling":1,"minecraft:mutton":1,"minecraft:white_wool":2,"minecraft:cobblestone":28}},"DataVersion":3120}