{"stats":{"minecraft:used":{"minecraft:dark_oak_stairs":23,"minecraft:dark_oak_planks":56,"minecraft:stone_pickaxe":65,"minecraft:chest":3,"minecraft:wooden_pickaxe":4,"minecraft:stone_axe":82,"minecraft:cobblestone":57,"minecraft:crafting_table":2},"minecraft:picked_up":{"minecraft:dark_oak_sapling":4,"minecraft:stick":10,"minecraft:crafting_table":2,"minecraft:feather":1,"minecraft:chicken":3,"minecraft:dark_oak_log":98,"minecraft:dirt":18,"minecraft:dark_oak_planks":64,"minecraft:stone_axe":4,"minecraft:stone_pickaxe":1,"minecraft:oak_sapling":5,"minecraft:birch_sapling":2,"minecraft:dark_oak_stairs":13,"minecraft:cobblestone":68,"minecraft:egg":3},"minecraft:mined":{"minecraft:dark_oak_planks":3,"minecraft:dark_oak_leaves":46,"minecraft:dark_oak_log":60,"minecraft:birch_leaves":14,"minecraft:crafting_table":2,"minecraft:dark_oak_stairs":6,"minecraft:grass":3,"minecraft:grass_block":10,"minecraft:flowering_azalea_leaves":1,"minecraft:cobblestone":4,"minecraft:stone":65},"minecraft:killed_by":{"minecraft:skeleton":1,"siren_head:siren_head":1},"minecraft:crafted":{"minecraft:dark_oak_stairs":24,"minecraft:stick":12,"minecraft:stone_pickaxe":2,"minecraft:wooden_pickaxe":1,"minecraft:chest":3,"minecraft:dark_oak_planks":72,"minecraft:stone_axe":1},"minecraft:custom":{"minecraft:time_since_rest":1514,"minecraft:sprint_one_cm":36629,"minecraft:damage_taken":1320,"minecraft:walk_one_cm":59234,"minecraft:mob_kills":5,"minecraft:damage_dealt":513,"minecraft:interact_with_crafting_table":7,"minecraft:swim_one_cm":11748,"minecraft:fly_one_cm":40881,"minecraft:open_chest":8,"minecraft:crouch_one_cm":423,"minecraft:play_time":21557,"minecraft:deaths":3,"minecraft:sneak_time":233,"minecraft:walk_under_water_one_cm":3003,"minecraft:jump":352,"minecraft:walk_on_water_one_cm":7665,"minecraft:time_since_death":1489,"minecraft:total_world_time":21557,"minecraft:fall_one_cm":10691},"minecraft:killed":{"minecraft:chicken":4}},"DataVersion":3120}