{"stats":{"minecraft:used":{"minecraft:dark_oak_stairs":28,"minecraft:dark_oak_planks":112,"minecraft:stone_pickaxe":150,"minecraft:birch_sapling":1,"minecraft:chest":3,"minecraft:wooden_pickaxe":4,"minecraft:stone_axe":88,"minecraft:cobblestone":143,"minecraft:crafting_table":2,"minecraft:dark_oak_fence":6,"minecraft:egg":3,"minecraft:dark_oak_door":1},"minecraft:picked_up":{"minecraft:dark_oak_sapling":4,"minecraft:stick":12,"minecraft:crafting_table":2,"minecraft:feather":3,"minecraft:chicken":4,"minecraft:dark_oak_log":98,"minecraft:dirt":18,"minecraft:dark_oak_planks":68,"minecraft:stone_axe":4,"minecraft:wheat_seeds":1,"minecraft:stone_pickaxe":1,"minecraft:oak_sapling":5,"minecraft:dark_oak_fence":1,"minecraft:birch_sapling":2,"minecraft:dark_oak_stairs":14,"minecraft:cobblestone":153,"minecraft:egg":3},"minecraft:mined":{"minecraft:dark_oak_planks":7,"minecraft:dark_oak_leaves":50,"minecraft:dark_oak_log":60,"minecraft:birch_leaves":25,"minecraft:crafting_table":2,"minecraft:dark_oak_stairs":7,"minecraft:dark_oak_fence":1,"minecraft:grass":12,"minecraft:grass_block":10,"minecraft:flowering_azalea_leaves":1,"minecraft:cobblestone":8,"minecraft:stone":146},"minecraft:killed_by":{"minecraft:skeleton":1,"siren_head:siren_head":1},"minecraft:crafted":{"minecraft:dark_oak_door":3,"minecraft:dark_oak_fence":6,"minecraft:dark_oak_stairs":24,"minecraft:stick":12,"minecraft:stone_pickaxe":2,"minecraft:wooden_pickaxe":1,"minecraft:chest":3,"minecraft:dark_oak_planks":232,"minecraft:stone_axe":1},"minecraft:custom":{"minecraft:time_since_rest":13514,"minecraft:sprint_one_cm":49644,"minecraft:damage_taken":1410,"minecraft:walk_one_cm":97633,"minecraft:mob_kills":5,"minecraft:damage_dealt":513,"minecraft:interact_with_crafting_table":10,"minecraft:swim_one_cm":11748,"minecraft:fly_one_cm":51973,"minecraft:open_chest":8,"minecraft:crouch_one_cm":3891,"minecraft:play_time":33557,"minecraft:deaths":3,"minecraft:sneak_time":1802,"minecraft:walk_under_water_one_cm":3407,"minecraft:jump":489,"minecraft:walk_on_water_one_cm":8227,"minecraft:time_since_death":13489,"minecraft:total_world_time":33557,"minecraft:fall_one_cm":14967},"minecraft:killed":{"minecraft:chicken":4}},"DataVersion":3120}