{"stats":{"minecraft:used":{"minecraft:dark_oak_stairs":45,"minecraft:stone_pickaxe":190,"minecraft:shield":7,"minecraft:chest":3,"minecraft:wooden_pickaxe":21,"minecraft:iron_sword":3,"minecraft:torch":14,"minecraft:dirt":25,"minecraft:crafting_table":6,"minecraft:granite":6,"minecraft:dark_oak_door":1,"minecraft:dark_oak_planks":247,"minecraft:chicken":4,"minecraft:birch_sapling":1,"minecraft:iron_pickaxe":37,"minecraft:gravel":8,"minecraft:stone_axe":204,"minecraft:cobblestone":186,"minecraft:dark_oak_fence":58,"minecraft:bucket":1,"minecraft:egg":3},"minecraft:picked_up":{"minecraft:crafting_table":4,"minecraft:feather":15,"minecraft:chicken":11,"minecraft:andesite":36,"minecraft:wooden_pickaxe":2,"minecraft:shield":2,"minecraft:dirt":70,"minecraft:bone":4,"minecraft:apple":3,"minecraft:wheat_seeds":1,"minecraft:stone_pickaxe":7,"minecraft:birch_sapling":2,"minecraft:dark_oak_stairs":22,"minecraft:egg":3,"minecraft:dark_oak_sapling":12,"minecraft:stick":38,"minecraft:torch":38,"minecraft:gravel":14,"minecraft:dark_oak_log":152,"minecraft:dark_oak_planks":466,"minecraft:rotten_flesh":12,"minecraft:stone_axe":10,"minecraft:granite":30,"minecraft:oak_sapling":8,"minecraft:dark_oak_fence":11,"minecraft:cobblestone":199},"minecraft:broken":{"minecraft:stone_pickaxe":1,"minecraft:stone_axe":2},"minecraft:mined":{"minecraft:dark_oak_planks":21,"minecraft:dark_oak_leaves":50,"minecraft:dark_oak_log":114,"minecraft:crafting_table":4,"minecraft:granite":12,"minecraft:dark_oak_fence":9,"minecraft:grass_block":16,"minecraft:cobblestone":19,"minecraft:wall_torch":2,"minecraft:birch_leaves":25,"minecraft:andesite":12,"minecraft:dark_oak_stairs":9,"minecraft:grass":13,"minecraft:flowering_azalea_leaves":1,"minecraft:gravel":9,"minecraft:dirt":12,"minecraft:stone":181,"minecraft:oak_leaves":2},"minecraft:killed_by":{"minecraft:player":1,"minecraft:skeleton":2,"siren_head:siren_head":1},"minecraft:crafted":{"minecraft:dark_oak_stairs":36,"minecraft:crafting_table":2,"minecraft:wooden_pickaxe":2,"minecraft:iron_sword":1,"minecraft:bucket":1,"minecraft:stone_axe":1,"minecraft:dark_oak_door":3,"minecraft:dark_oak_fence":51,"minecraft:shield":1,"minecraft:iron_axe":1,"minecraft:stick":68,"minecraft:iron_ingot":12,"minecraft:iron_pickaxe":1,"minecraft:stone_pickaxe":3,"minecraft:chest":3,"minecraft:torch":48,"minecraft:dark_oak_planks":448},"minecraft:custom":{"minecraft:interact_with_furnace":3,"minecraft:mob_kills":12,"minecraft:interact_with_crafting_table":28,"minecraft:leave_game":1,"minecraft:time_since_death":1812,"minecraft:time_since_rest":1850,"minecraft:sprint_one_cm":107183,"minecraft:damage_taken":3000,"minecraft:walk_one_cm":223094,"minecraft:damage_blocked_by_shield":170,"minecraft:drop":2,"minecraft:damage_dealt":1666,"minecraft:swim_one_cm":16707,"minecraft:fly_one_cm":125411,"minecraft:open_chest":13,"minecraft:crouch_one_cm":19573,"minecraft:play_time":77352,"minecraft:deaths":9,"minecraft:sneak_time":6796,"minecraft:walk_under_water_one_cm":9641,"minecraft:jump":1039,"minecraft:walk_on_water_one_cm":15505,"minecraft:total_world_time":77352,"minecraft:fall_one_cm":33766},"minecraft:killed":{"minecraft:spider":1,"minecraft:skeleton":1,"minecraft:zombie":3,"minecraft:chicken":4},"minecraft:dropped":{"minecraft:dark_oak_sapling":2}},"DataVersion":3120}