{"stats":{"minecraft:used":{"minecraft:dark_oak_stairs":41,"minecraft:dark_oak_planks":198,"minecraft:chicken":3,"minecraft:stone_pickaxe":160,"minecraft:birch_sapling":1,"minecraft:chest":3,"minecraft:wooden_pickaxe":4,"minecraft:stone_axe":160,"minecraft:cobblestone":149,"minecraft:crafting_table":2,"minecraft:dark_oak_fence":6,"minecraft:egg":3,"minecraft:dark_oak_door":1},"minecraft:broken":{"minecraft:stone_axe":1},"minecraft:picked_up":{"minecraft:dark_oak_sapling":8,"minecraft:stick":18,"minecraft:crafting_table":2,"minecraft:feather":9,"minecraft:chicken":9,"minecraft:dark_oak_log":139,"minecraft:dirt":36,"minecraft:dark_oak_planks":244,"minecraft:rotten_flesh":4,"minecraft:stone_axe":7,"minecraft:wheat_seeds":1,"minecraft:stone_pickaxe":3,"minecraft:oak_sapling":5,"minecraft:dark_oak_fence":3,"minecraft:birch_sapling":2,"minecraft:dark_oak_stairs":16,"minecraft:cobblestone":159,"minecraft:egg":3},"minecraft:mined":{"minecraft:dark_oak_planks":18,"minecraft:dark_oak_leaves":50,"minecraft:dark_oak_log":101,"minecraft:birch_leaves":25,"minecraft:crafting_table":2,"minecraft:dark_oak_stairs":7,"minecraft:dark_oak_fence":1,"minecraft:grass":13,"minecraft:grass_block":10,"minecraft:flowering_azalea_leaves":1,"minecraft:cobblestone":14,"minecraft:stone":146},"minecraft:killed_by":{"minecraft:skeleton":1,"siren_head:siren_head":1},"minecraft:crafted":{"minecraft:dark_oak_door":3,"minecraft:dark_oak_fence":6,"minecraft:dark_oak_stairs":36,"minecraft:stick":12,"minecraft:stone_pickaxe":2,"minecraft:wooden_pickaxe":1,"minecraft:chest":3,"minecraft:dark_oak_planks":396,"minecraft:stone_axe":1},"minecraft:custom":{"minecraft:time_since_rest":369,"minecraft:sprint_one_cm":63975,"minecraft:damage_taken":2270,"minecraft:walk_one_cm":137855,"minecraft:mob_kills":8,"minecraft:damage_dealt":970,"minecraft:interact_with_crafting_table":11,"minecraft:swim_one_cm":13514,"minecraft:fly_one_cm":68737,"minecraft:open_chest":9,"minecraft:crouch_one_cm":12560,"minecraft:play_time":45557,"minecraft:deaths":6,"minecraft:sneak_time":4080,"minecraft:walk_under_water_one_cm":4286,"minecraft:jump":619,"minecraft:walk_on_water_one_cm":9230,"minecraft:time_since_death":343,"minecraft:total_world_time":45557,"minecraft:fall_one_cm":25506},"minecraft:killed":{"minecraft:zombie":2,"minecraft:chicken":4}},"DataVersion":3120}