{"stats":{"minecraft:used":{"minecraft:dark_oak_stairs":45,"minecraft:stone_pickaxe":190,"minecraft:shield":6,"minecraft:chest":3,"minecraft:wooden_pickaxe":7,"minecraft:iron_sword":3,"minecraft:dirt":12,"minecraft:crafting_table":6,"minecraft:granite":2,"minecraft:dark_oak_door":1,"minecraft:dark_oak_planks":232,"minecraft:chicken":4,"minecraft:birch_sapling":1,"minecraft:iron_pickaxe":37,"minecraft:gravel":8,"minecraft:stone_axe":204,"minecraft:cobblestone":186,"minecraft:dark_oak_fence":58,"minecraft:bucket":1,"minecraft:egg":3},"minecraft:picked_up":{"minecraft:crafting_table":4,"minecraft:feather":15,"minecraft:chicken":11,"minecraft:andesite":24,"minecraft:wooden_pickaxe":1,"minecraft:shield":1,"minecraft:dirt":57,"minecraft:apple":2,"minecraft:wheat_seeds":1,"minecraft:stone_pickaxe":6,"minecraft:birch_sapling":2,"minecraft:dark_oak_stairs":22,"minecraft:egg":3,"minecraft:dark_oak_sapling":12,"minecraft:stick":30,"minecraft:gravel":14,"minecraft:dark_oak_log":152,"minecraft:dark_oak_planks":444,"minecraft:rotten_flesh":10,"minecraft:stone_axe":10,"minecraft:granite":24,"minecraft:oak_sapling":7,"minecraft:dark_oak_fence":10,"minecraft:cobblestone":199},"minecraft:broken":{"minecraft:stone_pickaxe":1,"minecraft:stone_axe":2},"minecraft:mined":{"minecraft:dark_oak_planks":21,"minecraft:dark_oak_leaves":50,"minecraft:dark_oak_log":114,"minecraft:crafting_table":4,"minecraft:granite":12,"minecraft:dark_oak_fence":8,"minecraft:grass_block":12,"minecraft:cobblestone":19,"minecraft:birch_leaves":25,"minecraft:andesite":12,"minecraft:dark_oak_stairs":9,"minecraft:grass":13,"minecraft:flowering_azalea_leaves":1,"minecraft:gravel":9,"minecraft:dirt":3,"minecraft:stone":181,"minecraft:oak_leaves":2},"minecraft:killed_by":{"minecraft:player":1,"minecraft:skeleton":2,"siren_head:siren_head":1},"minecraft:crafted":{"minecraft:dark_oak_stairs":36,"minecraft:crafting_table":2,"minecraft:wooden_pickaxe":2,"minecraft:iron_sword":1,"minecraft:bucket":1,"minecraft:stone_axe":1,"minecraft:dark_oak_door":3,"minecraft:dark_oak_fence":51,"minecraft:shield":1,"minecraft:iron_axe":1,"minecraft:stick":48,"minecraft:iron_ingot":12,"minecraft:iron_pickaxe":1,"minecraft:stone_pickaxe":3,"minecraft:chest":3,"minecraft:dark_oak_planks":420},"minecraft:custom":{"minecraft:interact_with_furnace":2,"minecraft:mob_kills":11,"minecraft:interact_with_crafting_table":26,"minecraft:time_since_death":6241,"minecraft:time_since_rest":6273,"minecraft:sprint_one_cm":101299,"minecraft:damage_taken":2800,"minecraft:walk_one_cm":204545,"minecraft:damage_blocked_by_shield":140,"minecraft:drop":2,"minecraft:damage_dealt":1456,"minecraft:swim_one_cm":14883,"minecraft:fly_one_cm":116654,"minecraft:open_chest":13,"minecraft:crouch_one_cm":18804,"minecraft:play_time":69557,"minecraft:deaths":8,"minecraft:sneak_time":6584,"minecraft:walk_under_water_one_cm":8621,"minecraft:jump":958,"minecraft:walk_on_water_one_cm":15010,"minecraft:total_world_time":69557,"minecraft:fall_one_cm":31972},"minecraft:killed":{"minecraft:spider":1,"minecraft:zombie":3,"minecraft:chicken":4},"minecraft:dropped":{"minecraft:dark_oak_sapling":2}},"DataVersion":3120}