{"stats":{"minecraft:used":{"minecraft:dark_oak_stairs":45,"minecraft:dark_oak_planks":227,"minecraft:chicken":3,"minecraft:stone_pickaxe":184,"minecraft:birch_sapling":1,"minecraft:chest":3,"minecraft:wooden_pickaxe":4,"minecraft:stone_axe":180,"minecraft:dirt":10,"minecraft:cobblestone":173,"minecraft:crafting_table":5,"minecraft:dark_oak_fence":58,"minecraft:bucket":1,"minecraft:egg":3,"minecraft:dark_oak_door":1},"minecraft:broken":{"minecraft:stone_axe":1},"minecraft:picked_up":{"minecraft:dark_oak_sapling":12,"minecraft:stick":30,"minecraft:crafting_table":4,"minecraft:feather":15,"minecraft:chicken":11,"minecraft:dark_oak_log":145,"minecraft:dirt":55,"minecraft:dark_oak_planks":443,"minecraft:rotten_flesh":8,"minecraft:stone_axe":9,"minecraft:wheat_seeds":1,"minecraft:stone_pickaxe":5,"minecraft:oak_sapling":5,"minecraft:dark_oak_fence":10,"minecraft:birch_sapling":2,"minecraft:dark_oak_stairs":22,"minecraft:cobblestone":183,"minecraft:egg":3},"minecraft:mined":{"minecraft:dark_oak_planks":21,"minecraft:dark_oak_leaves":50,"minecraft:dark_oak_log":107,"minecraft:birch_leaves":25,"minecraft:crafting_table":4,"minecraft:dark_oak_stairs":9,"minecraft:dark_oak_fence":8,"minecraft:grass":13,"minecraft:grass_block":11,"minecraft:flowering_azalea_leaves":1,"minecraft:cobblestone":19,"minecraft:stone":165,"minecraft:oak_leaves":1},"minecraft:killed_by":{"minecraft:player":1,"minecraft:skeleton":1,"siren_head:siren_head":1},"minecraft:crafted":{"minecraft:dark_oak_door":3,"minecraft:dark_oak_fence":51,"minecraft:dark_oak_stairs":36,"minecraft:shield":1,"minecraft:iron_axe":1,"minecraft:crafting_table":1,"minecraft:stick":48,"minecraft:iron_pickaxe":1,"minecraft:iron_ingot":12,"minecraft:stone_pickaxe":2,"minecraft:wooden_pickaxe":1,"minecraft:iron_sword":1,"minecraft:chest":3,"minecraft:bucket":1,"minecraft:dark_oak_planks":420,"minecraft:stone_axe":1},"minecraft:custom":{"minecraft:time_since_rest":10610,"minecraft:interact_with_furnace":2,"minecraft:sprint_one_cm":82345,"minecraft:damage_taken":2550,"minecraft:walk_one_cm":180727,"minecraft:mob_kills":8,"minecraft:damage_dealt":970,"minecraft:interact_with_crafting_table":21,"minecraft:swim_one_cm":14083,"minecraft:fly_one_cm":93793,"minecraft:open_chest":9,"minecraft:crouch_one_cm":18297,"minecraft:play_time":57557,"minecraft:deaths":7,"minecraft:sneak_time":5470,"minecraft:walk_under_water_one_cm":6569,"minecraft:jump":767,"minecraft:walk_on_water_one_cm":11739,"minecraft:time_since_death":10575,"minecraft:total_world_time":57557,"minecraft:fall_one_cm":28334},"minecraft:killed":{"minecraft:zombie":2,"minecraft:chicken":4}},"DataVersion":3120}