{"stats":{"minecraft:used":{"minecraft:stone_axe":19,"minecraft:dark_oak_stairs":5,"minecraft:crafting_table":2,"minecraft:stone_pickaxe":61,"minecraft:chest":3,"minecraft:wooden_pickaxe":4},"minecraft:picked_up":{"minecraft:crafting_table":2,"minecraft:stone_axe":1,"minecraft:dark_oak_stairs":1,"minecraft:dark_oak_log":18,"minecraft:cobblestone":63},"minecraft:mined":{"minecraft:grass":1,"minecraft:stone":65,"minecraft:dark_oak_log":19,"minecraft:dark_oak_stairs":1,"minecraft:crafting_table":2},"minecraft:killed_by":{"minecraft:skeleton":1},"minecraft:crafted":{"minecraft:chest":3,"minecraft:dark_oak_planks":72,"minecraft:dark_oak_stairs":24,"minecraft:stick":4,"minecraft:wooden_pickaxe":1,"minecraft:stone_pickaxe":1},"minecraft:custom":{"minecraft:open_chest":4,"minecraft:time_since_rest":248,"minecraft:play_time":9557,"minecraft:sprint_one_cm":17584,"minecraft:deaths":1,"minecraft:damage_taken":240,"minecraft:walk_one_cm":26076,"minecraft:walk_under_water_one_cm":1411,"minecraft:mob_kills":1,"minecraft:jump":147,"minecraft:damage_dealt":291,"minecraft:time_since_death":221,"minecraft:walk_on_water_one_cm":2069,"minecraft:total_world_time":9557,"minecraft:fall_one_cm":1774,"minecraft:swim_one_cm":1243,"minecraft:interact_with_crafting_table":4,"minecraft:fly_one_cm":20566}},"DataVersion":3120}