{
  "farmersdelight:main/root": {
    "criteria": {
      "seeds": "2024-07-30 19:22:59 +0000"
    },
    "done": true
  },
  "betterdungeons:root": {
    "criteria": {
      "always": "2024-07-30 18:58:54 +0000"
    },
    "done": true
  },
  "betterdeserttemples:root": {
    "criteria": {
      "always": "2024-07-30 18:58:54 +0000"
    },
    "done": true
  },
  "moguns:crayfish/root": {
    "criteria": {
      "tick": "2024-07-30 18:58:54 +0000"
    },
    "done": true
  },
  "knight_quest:kq_quest_source": {
    "criteria": {
      "kq_quest_source": "2024-07-30 18:58:54 +0000"
    },
    "done": true
  },
  "moguns:weapons/root": {
    "criteria": {
      "tick": "2024-07-30 18:58:54 +0000"
    },
    "done": true
  },
  "minecraft:adventure/adventuring_time": {
    "criteria": {
      "minecraft:birch_forest": "2024-07-30 18:58:56 +0000",
      "minecraft:forest": "2024-07-30 18:59:01 +0000",
      "minecraft:meadow": "2024-07-30 19:24:31 +0000"
    },
    "done": false
  },
  "DataVersion": 3120
}