{
  "farmersdelight:main/root": {
    "criteria": {
      "seeds": "2024-07-30 19:22:59 +0000"
    },
    "done": true
  },
  "betterdungeons:root": {
    "criteria": {
      "always": "2024-07-30 18:58:54 +0000"
    },
    "done": true
  },
  "betterdeserttemples:root": {
    "criteria": {
      "always": "2024-07-30 18:58:54 +0000"
    },
    "done": true
  },
  "moguns:crayfish/root": {
    "criteria": {
      "tick": "2024-07-30 18:58:54 +0000"
    },
    "done": true
  },
  "farmersdelight:recipes/farmersdelight/cooking/bone_broth": {
    "criteria": {
      "has_bone": "2024-07-30 19:32:12 +0000"
    },
    "done": true
  },
  "knight_quest:kq_quest_source": {
    "criteria": {
      "kq_quest_source": "2024-07-30 18:58:54 +0000"
    },
    "done": true
  },
  "minecraft:adventure/root": {
    "criteria": {
      "killed_by_something": "2024-07-30 19:28:03 +0000"
    },
    "done": true
  },
  "moguns:weapons/root": {
    "criteria": {
      "tick": "2024-07-30 18:58:54 +0000"
    },
    "done": true
  },
  "minecraft:recipes/misc/yellow_dye_from_dandelion": {
    "criteria": {
      "has_dandelion": "2024-07-30 19:26:56 +0000"
    },
    "done": true
  },
  "farmersrespite:recipes/farmersrespite/brewing/dandelion_tea": {
    "criteria": {
      "has_any_ingredient": "2024-07-30 19:26:56 +0000"
    },
    "done": true
  },
  "minecraft:adventure/adventuring_time": {
    "criteria": {
      "minecraft:birch_forest": "2024-07-30 18:58:56 +0000",
      "minecraft:forest": "2024-07-30 18:59:01 +0000",
      "minecraft:lush_caves": "2024-07-30 19:33:06 +0000",
      "minecraft:meadow": "2024-07-30 19:24:31 +0000"
    },
    "done": false
  },
  "minecraft:recipes/misc/bone_meal": {
    "criteria": {
      "has_bone": "2024-07-30 19:32:12 +0000"
    },
    "done": true
  },
  "DataVersion": 3120
}